img_path,labels,prediction_score
SYN-MAD22/OpenCV_processed_task2_r30/001_03-vs-010_03.jpg,attack,337.94879150390625
SYN-MAD22/OpenCV_processed_task2_r30/001_03-vs-013_03.jpg,attack,380.91741943359375
SYN-MAD22/OpenCV_processed_task2_r30/001_03-vs-014_03.jpg,attack,347.1917724609375
SYN-MAD22/OpenCV_processed_task2_r30/001_03-vs-030_03.jpg,attack,363.287841796875
SYN-MAD22/OpenCV_processed_task2_r30/001_03-vs-032_03.jpg,attack,391.03143310546875
SYN-MAD22/OpenCV_processed_task2_r30/001_03-vs-087_03.jpg,attack,399.2761535644531
SYN-MAD22/OpenCV_processed_task2_r30/001_03-vs-090_03.jpg,attack,354.37762451171875
SYN-MAD22/OpenCV_processed_task2_r30/001_03-vs-107_03.jpg,attack,314.2845458984375
SYN-MAD22/OpenCV_processed_task2_r30/001_03-vs-113_03.jpg,attack,345.0459289550781
SYN-MAD22/OpenCV_processed_task2_r30/001_03-vs-122_03.jpg,attack,379.3235168457031
SYN-MAD22/OpenCV_processed_task2_r30/001_03-vs-127_03.jpg,attack,339.9154968261719
SYN-MAD22/OpenCV_processed_task2_r30/001_03-vs-129_03.jpg,attack,337.9691162109375
SYN-MAD22/OpenCV_processed_task2_r30/001_03.jpg,bonafide,566.612060546875
SYN-MAD22/OpenCV_processed_task2_r30/001_08-vs-010_08.jpg,attack,345.9938049316406
SYN-MAD22/OpenCV_processed_task2_r30/001_08-vs-014_08.jpg,attack,345.23895263671875
SYN-MAD22/OpenCV_processed_task2_r30/001_08-vs-032_08.jpg,attack,361.4169921875
SYN-MAD22/OpenCV_processed_task2_r30/001_08-vs-039_08.jpg,attack,357.36572265625
SYN-MAD22/OpenCV_processed_task2_r30/001_08-vs-087_08.jpg,attack,381.209716796875
SYN-MAD22/OpenCV_processed_task2_r30/001_08-vs-090_08.jpg,attack,341.4533996582031
SYN-MAD22/OpenCV_processed_task2_r30/001_08-vs-094_08.jpg,attack,325.1912841796875
SYN-MAD22/OpenCV_processed_task2_r30/001_08-vs-107_08.jpg,attack,342.740966796875
SYN-MAD22/OpenCV_processed_task2_r30/001_08-vs-122_08.jpg,attack,370.8899230957031
SYN-MAD22/OpenCV_processed_task2_r30/001_08.jpg,bonafide,544.856201171875
SYN-MAD22/OpenCV_processed_task2_r30/002_03-vs-011_03.jpg,attack,327.1471862792969
SYN-MAD22/OpenCV_processed_task2_r30/002_03-vs-020_03.jpg,attack,358.72552490234375
SYN-MAD22/OpenCV_processed_task2_r30/002_03-vs-027_03.jpg,attack,340.91241455078125
SYN-MAD22/OpenCV_processed_task2_r30/002_03-vs-032_03.jpg,attack,369.2928771972656
SYN-MAD22/OpenCV_processed_task2_r30/002_03-vs-039_03.jpg,attack,358.5613098144531
SYN-MAD22/OpenCV_processed_task2_r30/002_03-vs-081_03.jpg,attack,284.31512451171875
SYN-MAD22/OpenCV_processed_task2_r30/002_03-vs-091_03.jpg,attack,397.14892578125
SYN-MAD22/OpenCV_processed_task2_r30/002_03-vs-094_03.jpg,attack,318.96337890625
SYN-MAD22/OpenCV_processed_task2_r30/002_03-vs-097_03.jpg,attack,318.625732421875
SYN-MAD22/OpenCV_processed_task2_r30/002_03-vs-100_03.jpg,attack,336.7307434082031
SYN-MAD22/OpenCV_processed_task2_r30/002_03-vs-102_03.jpg,attack,288.61541748046875
SYN-MAD22/OpenCV_processed_task2_r30/002_03-vs-118_03.jpg,attack,328.0030517578125
SYN-MAD22/OpenCV_processed_task2_r30/002_03-vs-124_03.jpg,attack,354.324462890625
SYN-MAD22/OpenCV_processed_task2_r30/002_03-vs-136_03.jpg,attack,283.9176025390625
SYN-MAD22/OpenCV_processed_task2_r30/002_03-vs-139_03.jpg,attack,305.02978515625
SYN-MAD22/OpenCV_processed_task2_r30/002_03-vs-144_03.jpg,attack,315.26483154296875
SYN-MAD22/OpenCV_processed_task2_r30/002_03.jpg,bonafide,461.7020263671875
SYN-MAD22/OpenCV_processed_task2_r30/002_08-vs-003_08.jpg,attack,396.1942138671875
SYN-MAD22/OpenCV_processed_task2_r30/002_08-vs-011_08.jpg,attack,347.0208740234375
SYN-MAD22/OpenCV_processed_task2_r30/002_08-vs-025_08.jpg,attack,388.2696533203125
SYN-MAD22/OpenCV_processed_task2_r30/002_08-vs-027_08.jpg,attack,343.041748046875
SYN-MAD22/OpenCV_processed_task2_r30/002_08-vs-030_08.jpg,attack,363.7118835449219
SYN-MAD22/OpenCV_processed_task2_r30/002_08-vs-032_08.jpg,attack,386.58551025390625
SYN-MAD22/OpenCV_processed_task2_r30/002_08-vs-039_08.jpg,attack,370.6391906738281
SYN-MAD22/OpenCV_processed_task2_r30/002_08-vs-081_08.jpg,attack,322.74267578125
SYN-MAD22/OpenCV_processed_task2_r30/002_08-vs-090_08.jpg,attack,356.7945556640625
SYN-MAD22/OpenCV_processed_task2_r30/002_08-vs-091_08.jpg,attack,399.485595703125
SYN-MAD22/OpenCV_processed_task2_r30/002_08-vs-097_08.jpg,attack,345.9776916503906
SYN-MAD22/OpenCV_processed_task2_r30/002_08-vs-099_08.jpg,attack,354.172607421875
SYN-MAD22/OpenCV_processed_task2_r30/002_08-vs-100_08.jpg,attack,369.64990234375
SYN-MAD22/OpenCV_processed_task2_r30/002_08-vs-102_08.jpg,attack,322.7500915527344
SYN-MAD22/OpenCV_processed_task2_r30/002_08-vs-118_08.jpg,attack,348.82073974609375
SYN-MAD22/OpenCV_processed_task2_r30/002_08-vs-124_08.jpg,attack,337.809814453125
SYN-MAD22/OpenCV_processed_task2_r30/002_08-vs-135_08.jpg,attack,437.4164733886719
SYN-MAD22/OpenCV_processed_task2_r30/002_08-vs-136_08.jpg,attack,322.135498046875
SYN-MAD22/OpenCV_processed_task2_r30/002_08-vs-139_08.jpg,attack,372.57305908203125
SYN-MAD22/OpenCV_processed_task2_r30/002_08-vs-144_08.jpg,attack,333.245849609375
SYN-MAD22/OpenCV_processed_task2_r30/002_08.jpg,bonafide,498.8599853515625
SYN-MAD22/OpenCV_processed_task2_r30/003_03-vs-011_03.jpg,attack,337.6324768066406
SYN-MAD22/OpenCV_processed_task2_r30/003_03-vs-013_03.jpg,attack,379.19781494140625
SYN-MAD22/OpenCV_processed_task2_r30/003_03-vs-014_03.jpg,attack,338.4221496582031
SYN-MAD22/OpenCV_processed_task2_r30/003_03-vs-016_03.jpg,attack,363.84820556640625
SYN-MAD22/OpenCV_processed_task2_r30/003_03-vs-027_03.jpg,attack,354.773681640625
SYN-MAD22/OpenCV_processed_task2_r30/003_03-vs-039_03.jpg,attack,365.2864685058594
SYN-MAD22/OpenCV_processed_task2_r30/003_03-vs-081_03.jpg,attack,311.8360900878906
SYN-MAD22/OpenCV_processed_task2_r30/003_03-vs-102_03.jpg,attack,303.81512451171875
SYN-MAD22/OpenCV_processed_task2_r30/003_03-vs-124_03.jpg,attack,370.08599853515625
SYN-MAD22/OpenCV_processed_task2_r30/003_03-vs-136_03.jpg,attack,354.34716796875
SYN-MAD22/OpenCV_processed_task2_r30/003_03.jpg,bonafide,615.3624877929688
SYN-MAD22/OpenCV_processed_task2_r30/003_08-vs-011_08.jpg,attack,375.07061767578125
SYN-MAD22/OpenCV_processed_task2_r30/003_08-vs-016_08.jpg,attack,359.2372131347656
SYN-MAD22/OpenCV_processed_task2_r30/003_08-vs-027_08.jpg,attack,364.1966247558594
SYN-MAD22/OpenCV_processed_task2_r30/003_08-vs-032_08.jpg,attack,398.0367431640625
SYN-MAD22/OpenCV_processed_task2_r30/003_08-vs-124_08.jpg,attack,386.3386535644531
SYN-MAD22/OpenCV_processed_task2_r30/003_08-vs-136_08.jpg,attack,355.8634033203125
SYN-MAD22/OpenCV_processed_task2_r30/003_08-vs-144_08.jpg,attack,350.750244140625
SYN-MAD22/OpenCV_processed_task2_r30/003_08.jpg,bonafide,611.876220703125
SYN-MAD22/OpenCV_processed_task2_r30/004_03-vs-012_03.jpg,attack,342.9365234375
SYN-MAD22/OpenCV_processed_task2_r30/004_03-vs-092_03.jpg,attack,301.0040283203125
SYN-MAD22/OpenCV_processed_task2_r30/004_03-vs-103_03.jpg,attack,310.86077880859375
SYN-MAD22/OpenCV_processed_task2_r30/004_03-vs-105_03.jpg,attack,337.921630859375
SYN-MAD22/OpenCV_processed_task2_r30/004_03-vs-128_03.jpg,attack,312.54217529296875
SYN-MAD22/OpenCV_processed_task2_r30/004_03-vs-141_03.jpg,attack,309.8798828125
SYN-MAD22/OpenCV_processed_task2_r30/004_03-vs-142_03.jpg,attack,291.0154724121094
SYN-MAD22/OpenCV_processed_task2_r30/004_03-vs-172_03.jpg,attack,318.48553466796875
SYN-MAD22/OpenCV_processed_task2_r30/004_03.jpg,bonafide,441.236572265625
SYN-MAD22/OpenCV_processed_task2_r30/004_08-vs-008_08.jpg,attack,339.2301330566406
SYN-MAD22/OpenCV_processed_task2_r30/004_08-vs-092_08.jpg,attack,326.2122497558594
SYN-MAD22/OpenCV_processed_task2_r30/004_08-vs-114_08.jpg,attack,355.2457275390625
SYN-MAD22/OpenCV_processed_task2_r30/004_08-vs-128_08.jpg,attack,368.7841796875
SYN-MAD22/OpenCV_processed_task2_r30/004_08-vs-132_08.jpg,attack,372.3862609863281
SYN-MAD22/OpenCV_processed_task2_r30/004_08-vs-142_08.jpg,attack,306.7708740234375
SYN-MAD22/OpenCV_processed_task2_r30/004_08-vs-143_08.jpg,attack,324.8279113769531
SYN-MAD22/OpenCV_processed_task2_r30/004_08.jpg,bonafide,516.3623657226562
SYN-MAD22/OpenCV_processed_task2_r30/005_03-vs-008_03.jpg,attack,278.04339599609375
SYN-MAD22/OpenCV_processed_task2_r30/005_03-vs-018_03.jpg,attack,254.888427734375
SYN-MAD22/OpenCV_processed_task2_r30/005_03-vs-021_03.jpg,attack,270.8066101074219
SYN-MAD22/OpenCV_processed_task2_r30/005_03-vs-022_03.jpg,attack,273.091552734375
SYN-MAD22/OpenCV_processed_task2_r30/005_03-vs-033_03.jpg,attack,304.78448486328125
SYN-MAD22/OpenCV_processed_task2_r30/005_03-vs-067_03.jpg,attack,268.2743225097656
SYN-MAD22/OpenCV_processed_task2_r30/005_03-vs-068_03.jpg,attack,268.4170227050781
SYN-MAD22/OpenCV_processed_task2_r30/005_03-vs-082_03.jpg,attack,278.23211669921875
SYN-MAD22/OpenCV_processed_task2_r30/005_03-vs-104_03.jpg,attack,283.5667724609375
SYN-MAD22/OpenCV_processed_task2_r30/005_03-vs-114_03.jpg,attack,275.0390930175781
SYN-MAD22/OpenCV_processed_task2_r30/005_03-vs-115_03.jpg,attack,272.07586669921875
SYN-MAD22/OpenCV_processed_task2_r30/005_03-vs-140_03.jpg,attack,314.74127197265625
SYN-MAD22/OpenCV_processed_task2_r30/005_03.jpg,bonafide,356.79168701171875
SYN-MAD22/OpenCV_processed_task2_r30/005_08-vs-008_08.jpg,attack,252.79624938964844
SYN-MAD22/OpenCV_processed_task2_r30/005_08-vs-018_08.jpg,attack,266.71185302734375
SYN-MAD22/OpenCV_processed_task2_r30/005_08-vs-021_08.jpg,attack,247.82037353515625
SYN-MAD22/OpenCV_processed_task2_r30/005_08-vs-022_08.jpg,attack,281.94390869140625
SYN-MAD22/OpenCV_processed_task2_r30/005_08-vs-033_08.jpg,attack,282.553955078125
SYN-MAD22/OpenCV_processed_task2_r30/005_08-vs-067_08.jpg,attack,254.90396118164062
SYN-MAD22/OpenCV_processed_task2_r30/005_08-vs-068_08.jpg,attack,267.54656982421875
SYN-MAD22/OpenCV_processed_task2_r30/005_08-vs-082_08.jpg,attack,261.1798095703125
SYN-MAD22/OpenCV_processed_task2_r30/005_08-vs-104_08.jpg,attack,296.0253601074219
SYN-MAD22/OpenCV_processed_task2_r30/005_08-vs-114_08.jpg,attack,256.8925476074219
SYN-MAD22/OpenCV_processed_task2_r30/005_08-vs-115_08.jpg,attack,254.03443908691406
SYN-MAD22/OpenCV_processed_task2_r30/005_08-vs-140_08.jpg,attack,306.9728088378906
SYN-MAD22/OpenCV_processed_task2_r30/005_08.jpg,bonafide,350.6637878417969
SYN-MAD22/OpenCV_processed_task2_r30/006_03-vs-016_03.jpg,attack,247.2280731201172
SYN-MAD22/OpenCV_processed_task2_r30/006_03-vs-064_03.jpg,attack,278.1444091796875
SYN-MAD22/OpenCV_processed_task2_r30/006_03-vs-081_03.jpg,attack,242.76560974121094
SYN-MAD22/OpenCV_processed_task2_r30/006_03-vs-094_03.jpg,attack,260.7811584472656
SYN-MAD22/OpenCV_processed_task2_r30/006_03-vs-097_03.jpg,attack,254.9313201904297
SYN-MAD22/OpenCV_processed_task2_r30/006_03-vs-102_03.jpg,attack,253.92706298828125
SYN-MAD22/OpenCV_processed_task2_r30/006_03-vs-118_03.jpg,attack,241.19187927246094
SYN-MAD22/OpenCV_processed_task2_r30/006_03.jpg,bonafide,318.84344482421875
SYN-MAD22/OpenCV_processed_task2_r30/006_08-vs-016_08.jpg,attack,267.7890319824219
SYN-MAD22/OpenCV_processed_task2_r30/006_08-vs-081_08.jpg,attack,227.7050323486328
SYN-MAD22/OpenCV_processed_task2_r30/006_08-vs-097_08.jpg,attack,313.10345458984375
SYN-MAD22/OpenCV_processed_task2_r30/006_08-vs-102_08.jpg,attack,281.60992431640625
SYN-MAD22/OpenCV_processed_task2_r30/006_08-vs-112_08.jpg,attack,277.83721923828125
SYN-MAD22/OpenCV_processed_task2_r30/006_08-vs-118_08.jpg,attack,285.2239990234375
SYN-MAD22/OpenCV_processed_task2_r30/006_08-vs-139_08.jpg,attack,262.7567443847656
SYN-MAD22/OpenCV_processed_task2_r30/006_08-vs-144_08.jpg,attack,242.96237182617188
SYN-MAD22/OpenCV_processed_task2_r30/006_08.jpg,bonafide,320.97833251953125
SYN-MAD22/OpenCV_processed_task2_r30/007_03-vs-039_03.jpg,attack,344.69000244140625
SYN-MAD22/OpenCV_processed_task2_r30/007_03-vs-062_03.jpg,attack,353.1717834472656
SYN-MAD22/OpenCV_processed_task2_r30/007_03-vs-081_03.jpg,attack,323.0141906738281
SYN-MAD22/OpenCV_processed_task2_r30/007_03-vs-094_03.jpg,attack,334.5123596191406
SYN-MAD22/OpenCV_processed_task2_r30/007_03-vs-107_03.jpg,attack,290.3551330566406
SYN-MAD22/OpenCV_processed_task2_r30/007_03-vs-122_03.jpg,attack,364.217529296875
SYN-MAD22/OpenCV_processed_task2_r30/007_03-vs-124_03.jpg,attack,341.02301025390625
SYN-MAD22/OpenCV_processed_task2_r30/007_03.jpg,bonafide,485.44622802734375
SYN-MAD22/OpenCV_processed_task2_r30/007_08-vs-020_08.jpg,attack,333.20501708984375
SYN-MAD22/OpenCV_processed_task2_r30/007_08-vs-039_08.jpg,attack,331.4029541015625
SYN-MAD22/OpenCV_processed_task2_r30/007_08-vs-062_08.jpg,attack,333.1725158691406
SYN-MAD22/OpenCV_processed_task2_r30/007_08-vs-081_08.jpg,attack,310.978271484375
SYN-MAD22/OpenCV_processed_task2_r30/007_08-vs-094_08.jpg,attack,371.60198974609375
SYN-MAD22/OpenCV_processed_task2_r30/007_08-vs-100_08.jpg,attack,340.88116455078125
SYN-MAD22/OpenCV_processed_task2_r30/007_08-vs-102_08.jpg,attack,291.7547302246094
SYN-MAD22/OpenCV_processed_task2_r30/007_08-vs-107_08.jpg,attack,301.95452880859375
SYN-MAD22/OpenCV_processed_task2_r30/007_08-vs-122_08.jpg,attack,335.32269287109375
SYN-MAD22/OpenCV_processed_task2_r30/007_08-vs-124_08.jpg,attack,339.23260498046875
SYN-MAD22/OpenCV_processed_task2_r30/007_08-vs-139_08.jpg,attack,300.6722412109375
SYN-MAD22/OpenCV_processed_task2_r30/007_08.jpg,bonafide,439.1893615722656
SYN-MAD22/OpenCV_processed_task2_r30/008_03-vs-063_03.jpg,attack,290.87811279296875
SYN-MAD22/OpenCV_processed_task2_r30/008_03-vs-070_03.jpg,attack,288.6287841796875
SYN-MAD22/OpenCV_processed_task2_r30/008_03-vs-104_03.jpg,attack,296.3185729980469
SYN-MAD22/OpenCV_processed_task2_r30/008_03-vs-108_03.jpg,attack,309.60418701171875
SYN-MAD22/OpenCV_processed_task2_r30/008_03-vs-143_03.jpg,attack,275.8831787109375
SYN-MAD22/OpenCV_processed_task2_r30/008_03.jpg,bonafide,367.3363037109375
SYN-MAD22/OpenCV_processed_task2_r30/008_08-vs-042_08.jpg,attack,282.8356018066406
SYN-MAD22/OpenCV_processed_task2_r30/008_08-vs-061_08.jpg,attack,260.7491149902344
SYN-MAD22/OpenCV_processed_task2_r30/008_08-vs-063_08.jpg,attack,319.5368957519531
SYN-MAD22/OpenCV_processed_task2_r30/008_08-vs-070_08.jpg,attack,323.14794921875
SYN-MAD22/OpenCV_processed_task2_r30/008_08-vs-096_08.jpg,attack,295.02935791015625
SYN-MAD22/OpenCV_processed_task2_r30/008_08.jpg,bonafide,381.9690856933594
SYN-MAD22/OpenCV_processed_task2_r30/009_03-vs-019_03.jpg,attack,312.057861328125
SYN-MAD22/OpenCV_processed_task2_r30/009_03-vs-027_03.jpg,attack,275.04107666015625
SYN-MAD22/OpenCV_processed_task2_r30/009_03-vs-039_03.jpg,attack,338.47259521484375
SYN-MAD22/OpenCV_processed_task2_r30/009_03-vs-066_03.jpg,attack,337.32275390625
SYN-MAD22/OpenCV_processed_task2_r30/009_03-vs-083_03.jpg,attack,314.3987121582031
SYN-MAD22/OpenCV_processed_task2_r30/009_03-vs-090_03.jpg,attack,313.98785400390625
SYN-MAD22/OpenCV_processed_task2_r30/009_03-vs-100_03.jpg,attack,286.18206787109375
SYN-MAD22/OpenCV_processed_task2_r30/009_03-vs-112_03.jpg,attack,315.898681640625
SYN-MAD22/OpenCV_processed_task2_r30/009_03-vs-122_03.jpg,attack,345.1258850097656
SYN-MAD22/OpenCV_processed_task2_r30/009_03-vs-129_03.jpg,attack,288.7597351074219
SYN-MAD22/OpenCV_processed_task2_r30/009_03-vs-144_03.jpg,attack,270.00970458984375
SYN-MAD22/OpenCV_processed_task2_r30/009_03.jpg,bonafide,417.140380859375
SYN-MAD22/OpenCV_processed_task2_r30/009_08-vs-019_08.jpg,attack,331.9456787109375
SYN-MAD22/OpenCV_processed_task2_r30/009_08-vs-062_08.jpg,attack,394.46905517578125
SYN-MAD22/OpenCV_processed_task2_r30/009_08-vs-083_08.jpg,attack,329.4285583496094
SYN-MAD22/OpenCV_processed_task2_r30/009_08-vs-090_08.jpg,attack,328.6976013183594
SYN-MAD22/OpenCV_processed_task2_r30/009_08-vs-100_08.jpg,attack,334.17449951171875
SYN-MAD22/OpenCV_processed_task2_r30/009_08-vs-107_08.jpg,attack,323.9490966796875
SYN-MAD22/OpenCV_processed_task2_r30/009_08-vs-112_08.jpg,attack,339.1512756347656
SYN-MAD22/OpenCV_processed_task2_r30/009_08-vs-122_08.jpg,attack,352.09185791015625
SYN-MAD22/OpenCV_processed_task2_r30/009_08-vs-129_08.jpg,attack,338.2057800292969
SYN-MAD22/OpenCV_processed_task2_r30/009_08-vs-135_08.jpg,attack,387.8916015625
SYN-MAD22/OpenCV_processed_task2_r30/009_08-vs-139_08.jpg,attack,319.66595458984375
SYN-MAD22/OpenCV_processed_task2_r30/009_08-vs-144_08.jpg,attack,293.3492126464844
SYN-MAD22/OpenCV_processed_task2_r30/009_08.jpg,bonafide,476.8673400878906
SYN-MAD22/OpenCV_processed_task2_r30/010_03-vs-030_03.jpg,attack,330.31951904296875
SYN-MAD22/OpenCV_processed_task2_r30/010_03-vs-038_03.jpg,attack,279.14752197265625
SYN-MAD22/OpenCV_processed_task2_r30/010_03-vs-039_03.jpg,attack,290.4188232421875
SYN-MAD22/OpenCV_processed_task2_r30/010_03-vs-090_03.jpg,attack,274.3616943359375
SYN-MAD22/OpenCV_processed_task2_r30/010_03-vs-126_03.jpg,attack,297.4013671875
SYN-MAD22/OpenCV_processed_task2_r30/010_03-vs-127_03.jpg,attack,306.2644958496094
SYN-MAD22/OpenCV_processed_task2_r30/010_03.jpg,bonafide,345.41693115234375
SYN-MAD22/OpenCV_processed_task2_r30/010_08-vs-020_08.jpg,attack,326.05450439453125
SYN-MAD22/OpenCV_processed_task2_r30/010_08-vs-030_08.jpg,attack,361.1037292480469
SYN-MAD22/OpenCV_processed_task2_r30/010_08-vs-038_08.jpg,attack,270.865478515625
SYN-MAD22/OpenCV_processed_task2_r30/010_08-vs-039_08.jpg,attack,300.8835144042969
SYN-MAD22/OpenCV_processed_task2_r30/010_08-vs-136_08.jpg,attack,277.8946838378906
SYN-MAD22/OpenCV_processed_task2_r30/010_08.jpg,bonafide,392.4813537597656
SYN-MAD22/OpenCV_processed_task2_r30/011_03-vs-013_03.jpg,attack,323.1136474609375
SYN-MAD22/OpenCV_processed_task2_r30/011_03-vs-020_03.jpg,attack,307.77886962890625
SYN-MAD22/OpenCV_processed_task2_r30/011_03-vs-032_03.jpg,attack,338.4044189453125
SYN-MAD22/OpenCV_processed_task2_r30/011_03-vs-062_03.jpg,attack,306.54766845703125
SYN-MAD22/OpenCV_processed_task2_r30/011_03-vs-064_03.jpg,attack,294.4487609863281
SYN-MAD22/OpenCV_processed_task2_r30/011_03-vs-081_03.jpg,attack,269.92034912109375
SYN-MAD22/OpenCV_processed_task2_r30/011_03-vs-091_03.jpg,attack,311.63494873046875
SYN-MAD22/OpenCV_processed_task2_r30/011_03-vs-097_03.jpg,attack,256.29986572265625
SYN-MAD22/OpenCV_processed_task2_r30/011_03-vs-118_03.jpg,attack,279.5301513671875
SYN-MAD22/OpenCV_processed_task2_r30/011_03-vs-120_03.jpg,attack,310.62896728515625
SYN-MAD22/OpenCV_processed_task2_r30/011_03-vs-124_03.jpg,attack,278.0382995605469
SYN-MAD22/OpenCV_processed_task2_r30/011_03-vs-135_03.jpg,attack,337.1636962890625
SYN-MAD22/OpenCV_processed_task2_r30/011_03.jpg,bonafide,337.01409912109375
SYN-MAD22/OpenCV_processed_task2_r30/011_08-vs-020_08.jpg,attack,323.54119873046875
SYN-MAD22/OpenCV_processed_task2_r30/011_08-vs-032_08.jpg,attack,307.07293701171875
SYN-MAD22/OpenCV_processed_task2_r30/011_08-vs-062_08.jpg,attack,312.22442626953125
SYN-MAD22/OpenCV_processed_task2_r30/011_08-vs-064_08.jpg,attack,305.14093017578125
SYN-MAD22/OpenCV_processed_task2_r30/011_08-vs-091_08.jpg,attack,303.7286071777344
SYN-MAD22/OpenCV_processed_task2_r30/011_08-vs-124_08.jpg,attack,276.22119140625
SYN-MAD22/OpenCV_processed_task2_r30/011_08-vs-135_08.jpg,attack,333.0793762207031
SYN-MAD22/OpenCV_processed_task2_r30/011_08-vs-136_08.jpg,attack,273.2359924316406
SYN-MAD22/OpenCV_processed_task2_r30/011_08.jpg,bonafide,348.68505859375
SYN-MAD22/OpenCV_processed_task2_r30/012_03-vs-017_03.jpg,attack,298.490478515625
SYN-MAD22/OpenCV_processed_task2_r30/012_03-vs-026_03.jpg,attack,282.51947021484375
SYN-MAD22/OpenCV_processed_task2_r30/012_03-vs-037_03.jpg,attack,320.4511413574219
SYN-MAD22/OpenCV_processed_task2_r30/012_03-vs-041_03.jpg,attack,371.16845703125
SYN-MAD22/OpenCV_processed_task2_r30/012_03-vs-070_03.jpg,attack,302.2013854980469
SYN-MAD22/OpenCV_processed_task2_r30/012_03-vs-096_03.jpg,attack,246.81773376464844
SYN-MAD22/OpenCV_processed_task2_r30/012_03-vs-138_03.jpg,attack,287.7647705078125
SYN-MAD22/OpenCV_processed_task2_r30/012_03-vs-141_03.jpg,attack,289.7027587890625
SYN-MAD22/OpenCV_processed_task2_r30/012_03.jpg,bonafide,371.2266845703125
SYN-MAD22/OpenCV_processed_task2_r30/012_08-vs-017_08.jpg,attack,309.68084716796875
SYN-MAD22/OpenCV_processed_task2_r30/012_08-vs-026_08.jpg,attack,301.79986572265625
SYN-MAD22/OpenCV_processed_task2_r30/012_08-vs-041_08.jpg,attack,385.7068176269531
SYN-MAD22/OpenCV_processed_task2_r30/012_08-vs-042_08.jpg,attack,288.9480895996094
SYN-MAD22/OpenCV_processed_task2_r30/012_08-vs-061_08.jpg,attack,292.16119384765625
SYN-MAD22/OpenCV_processed_task2_r30/012_08-vs-104_08.jpg,attack,297.8536376953125
SYN-MAD22/OpenCV_processed_task2_r30/012_08-vs-105_08.jpg,attack,326.7559509277344
SYN-MAD22/OpenCV_processed_task2_r30/012_08-vs-130_08.jpg,attack,311.43817138671875
SYN-MAD22/OpenCV_processed_task2_r30/012_08-vs-138_08.jpg,attack,311.79315185546875
SYN-MAD22/OpenCV_processed_task2_r30/012_08-vs-141_08.jpg,attack,311.8302917480469
SYN-MAD22/OpenCV_processed_task2_r30/012_08-vs-143_08.jpg,attack,291.3426818847656
SYN-MAD22/OpenCV_processed_task2_r30/012_08.jpg,bonafide,390.57684326171875
SYN-MAD22/OpenCV_processed_task2_r30/013_03-vs-016_03.jpg,attack,317.14068603515625
SYN-MAD22/OpenCV_processed_task2_r30/013_03-vs-020_03.jpg,attack,335.75994873046875
SYN-MAD22/OpenCV_processed_task2_r30/013_03-vs-027_03.jpg,attack,337.15838623046875
SYN-MAD22/OpenCV_processed_task2_r30/013_03-vs-032_03.jpg,attack,361.0419006347656
SYN-MAD22/OpenCV_processed_task2_r30/013_03-vs-038_03.jpg,attack,308.8982849121094
SYN-MAD22/OpenCV_processed_task2_r30/013_03-vs-081_03.jpg,attack,333.6629943847656
SYN-MAD22/OpenCV_processed_task2_r30/013_03-vs-097_03.jpg,attack,305.5348205566406
SYN-MAD22/OpenCV_processed_task2_r30/013_03-vs-118_03.jpg,attack,302.26824951171875
SYN-MAD22/OpenCV_processed_task2_r30/013_03.jpg,bonafide,464.3175048828125
SYN-MAD22/OpenCV_processed_task2_r30/013_08-vs-020_08.jpg,attack,360.3429260253906
SYN-MAD22/OpenCV_processed_task2_r30/013_08-vs-030_08.jpg,attack,365.8514099121094
SYN-MAD22/OpenCV_processed_task2_r30/013_08-vs-038_08.jpg,attack,324.19775390625
SYN-MAD22/OpenCV_processed_task2_r30/013_08-vs-066_08.jpg,attack,331.4772644042969
SYN-MAD22/OpenCV_processed_task2_r30/013_08-vs-097_08.jpg,attack,352.8750305175781
SYN-MAD22/OpenCV_processed_task2_r30/013_08-vs-118_08.jpg,attack,349.96923828125
SYN-MAD22/OpenCV_processed_task2_r30/013_08.jpg,bonafide,493.68426513671875
SYN-MAD22/OpenCV_processed_task2_r30/014_03-vs-019_03.jpg,attack,257.62554931640625
SYN-MAD22/OpenCV_processed_task2_r30/014_03-vs-030_03.jpg,attack,347.6092834472656
SYN-MAD22/OpenCV_processed_task2_r30/014_03-vs-038_03.jpg,attack,271.50543212890625
SYN-MAD22/OpenCV_processed_task2_r30/014_03-vs-122_03.jpg,attack,294.76165771484375
SYN-MAD22/OpenCV_processed_task2_r30/014_03-vs-134_03.jpg,attack,280.5013122558594
SYN-MAD22/OpenCV_processed_task2_r30/014_03.jpg,bonafide,339.8497314453125
SYN-MAD22/OpenCV_processed_task2_r30/014_08-vs-019_08.jpg,attack,279.28717041015625
SYN-MAD22/OpenCV_processed_task2_r30/014_08-vs-038_08.jpg,attack,258.5301208496094
SYN-MAD22/OpenCV_processed_task2_r30/014_08-vs-122_08.jpg,attack,278.9081726074219
SYN-MAD22/OpenCV_processed_task2_r30/014_08-vs-134_08.jpg,attack,267.8002014160156
SYN-MAD22/OpenCV_processed_task2_r30/014_08.jpg,bonafide,332.2290344238281
SYN-MAD22/OpenCV_processed_task2_r30/016_03-vs-027_03.jpg,attack,271.16961669921875
SYN-MAD22/OpenCV_processed_task2_r30/016_03-vs-081_03.jpg,attack,279.02813720703125
SYN-MAD22/OpenCV_processed_task2_r30/016_03-vs-083_03.jpg,attack,287.5940246582031
SYN-MAD22/OpenCV_processed_task2_r30/016_03-vs-086_03.jpg,attack,304.6322021484375
SYN-MAD22/OpenCV_processed_task2_r30/016_03-vs-094_03.jpg,attack,265.35333251953125
SYN-MAD22/OpenCV_processed_task2_r30/016_03.jpg,bonafide,363.44720458984375
SYN-MAD22/OpenCV_processed_task2_r30/016_08-vs-025_08.jpg,attack,321.4310302734375
SYN-MAD22/OpenCV_processed_task2_r30/016_08-vs-081_08.jpg,attack,267.2104797363281
SYN-MAD22/OpenCV_processed_task2_r30/016_08-vs-083_08.jpg,attack,296.8247985839844
SYN-MAD22/OpenCV_processed_task2_r30/016_08-vs-086_08.jpg,attack,322.62005615234375
SYN-MAD22/OpenCV_processed_task2_r30/016_08-vs-099_08.jpg,attack,319.96685791015625
SYN-MAD22/OpenCV_processed_task2_r30/016_08-vs-144_08.jpg,attack,263.6993713378906
SYN-MAD22/OpenCV_processed_task2_r30/016_08.jpg,bonafide,396.5793151855469
SYN-MAD22/OpenCV_processed_task2_r30/017_03-vs-024_03.jpg,attack,262.22821044921875
SYN-MAD22/OpenCV_processed_task2_r30/017_03-vs-036_03.jpg,attack,355.91741943359375
SYN-MAD22/OpenCV_processed_task2_r30/017_03-vs-037_03.jpg,attack,307.14495849609375
SYN-MAD22/OpenCV_processed_task2_r30/017_03-vs-067_03.jpg,attack,259.50042724609375
SYN-MAD22/OpenCV_processed_task2_r30/017_03-vs-068_03.jpg,attack,272.8536071777344
SYN-MAD22/OpenCV_processed_task2_r30/017_03-vs-101_03.jpg,attack,300.44427490234375
SYN-MAD22/OpenCV_processed_task2_r30/017_03-vs-140_03.jpg,attack,297.637939453125
SYN-MAD22/OpenCV_processed_task2_r30/017_03-vs-141_03.jpg,attack,294.7725830078125
SYN-MAD22/OpenCV_processed_task2_r30/017_03.jpg,bonafide,344.57122802734375
SYN-MAD22/OpenCV_processed_task2_r30/017_08-vs-024_08.jpg,attack,270.71368408203125
SYN-MAD22/OpenCV_processed_task2_r30/017_08-vs-036_08.jpg,attack,357.09539794921875
SYN-MAD22/OpenCV_processed_task2_r30/017_08-vs-037_08.jpg,attack,312.06231689453125
SYN-MAD22/OpenCV_processed_task2_r30/017_08-vs-067_08.jpg,attack,266.5661315917969
SYN-MAD22/OpenCV_processed_task2_r30/017_08-vs-068_08.jpg,attack,305.03936767578125
SYN-MAD22/OpenCV_processed_task2_r30/017_08-vs-128_08.jpg,attack,307.97833251953125
SYN-MAD22/OpenCV_processed_task2_r30/017_08-vs-130_08.jpg,attack,269.43548583984375
SYN-MAD22/OpenCV_processed_task2_r30/017_08-vs-141_08.jpg,attack,301.2563781738281
SYN-MAD22/OpenCV_processed_task2_r30/017_08.jpg,bonafide,360.7703857421875
SYN-MAD22/OpenCV_processed_task2_r30/018_03-vs-045_03.jpg,attack,283.54107666015625
SYN-MAD22/OpenCV_processed_task2_r30/018_03-vs-061_03.jpg,attack,263.19781494140625
SYN-MAD22/OpenCV_processed_task2_r30/018_03-vs-063_03.jpg,attack,277.36663818359375
SYN-MAD22/OpenCV_processed_task2_r30/018_03-vs-101_03.jpg,attack,292.1279602050781
SYN-MAD22/OpenCV_processed_task2_r30/018_03-vs-114_03.jpg,attack,277.3977966308594
SYN-MAD22/OpenCV_processed_task2_r30/018_03-vs-121_03.jpg,attack,297.31793212890625
SYN-MAD22/OpenCV_processed_task2_r30/018_03-vs-131_03.jpg,attack,263.9327697753906
SYN-MAD22/OpenCV_processed_task2_r30/018_03-vs-132_03.jpg,attack,302.8861083984375
SYN-MAD22/OpenCV_processed_task2_r30/018_03-vs-138_03.jpg,attack,302.96453857421875
SYN-MAD22/OpenCV_processed_task2_r30/018_03-vs-140_03.jpg,attack,321.73443603515625
SYN-MAD22/OpenCV_processed_task2_r30/018_03.jpg,bonafide,346.1798095703125
SYN-MAD22/OpenCV_processed_task2_r30/018_08-vs-045_08.jpg,attack,289.870849609375
SYN-MAD22/OpenCV_processed_task2_r30/018_08-vs-061_08.jpg,attack,263.0115051269531
SYN-MAD22/OpenCV_processed_task2_r30/018_08-vs-063_08.jpg,attack,291.80230712890625
SYN-MAD22/OpenCV_processed_task2_r30/018_08-vs-069_08.jpg,attack,366.43939208984375
SYN-MAD22/OpenCV_processed_task2_r30/018_08-vs-092_08.jpg,attack,293.5528259277344
SYN-MAD22/OpenCV_processed_task2_r30/018_08-vs-101_08.jpg,attack,271.9499206542969
SYN-MAD22/OpenCV_processed_task2_r30/018_08-vs-119_08.jpg,attack,279.6957702636719
SYN-MAD22/OpenCV_processed_task2_r30/018_08-vs-121_08.jpg,attack,297.2792053222656
SYN-MAD22/OpenCV_processed_task2_r30/018_08-vs-132_08.jpg,attack,315.62762451171875
SYN-MAD22/OpenCV_processed_task2_r30/018_08-vs-138_08.jpg,attack,304.5156555175781
SYN-MAD22/OpenCV_processed_task2_r30/018_08-vs-140_08.jpg,attack,330.0360107421875
SYN-MAD22/OpenCV_processed_task2_r30/018_08-vs-172_08.jpg,attack,253.17526245117188
SYN-MAD22/OpenCV_processed_task2_r30/018_08.jpg,bonafide,340.12396240234375
SYN-MAD22/OpenCV_processed_task2_r30/019_03-vs-027_03.jpg,attack,253.70301818847656
SYN-MAD22/OpenCV_processed_task2_r30/019_03-vs-039_03.jpg,attack,294.61187744140625
SYN-MAD22/OpenCV_processed_task2_r30/019_03-vs-083_03.jpg,attack,273.88580322265625
SYN-MAD22/OpenCV_processed_task2_r30/019_03-vs-097_03.jpg,attack,275.65850830078125
SYN-MAD22/OpenCV_processed_task2_r30/019_03-vs-100_03.jpg,attack,262.4697265625
SYN-MAD22/OpenCV_processed_task2_r30/019_03-vs-122_03.jpg,attack,295.1008605957031
SYN-MAD22/OpenCV_processed_task2_r30/019_03-vs-139_03.jpg,attack,269.92645263671875
SYN-MAD22/OpenCV_processed_task2_r30/019_03-vs-144_03.jpg,attack,262.635986328125
SYN-MAD22/OpenCV_processed_task2_r30/019_03.jpg,bonafide,333.2984924316406
SYN-MAD22/OpenCV_processed_task2_r30/019_08-vs-027_08.jpg,attack,266.0673828125
SYN-MAD22/OpenCV_processed_task2_r30/019_08-vs-038_08.jpg,attack,253.40782165527344
SYN-MAD22/OpenCV_processed_task2_r30/019_08-vs-039_08.jpg,attack,313.7088623046875
SYN-MAD22/OpenCV_processed_task2_r30/019_08-vs-083_08.jpg,attack,258.90814208984375
SYN-MAD22/OpenCV_processed_task2_r30/019_08-vs-097_08.jpg,attack,286.8402099609375
SYN-MAD22/OpenCV_processed_task2_r30/019_08-vs-100_08.jpg,attack,272.6704406738281
SYN-MAD22/OpenCV_processed_task2_r30/019_08-vs-102_08.jpg,attack,268.7652282714844
SYN-MAD22/OpenCV_processed_task2_r30/019_08-vs-122_08.jpg,attack,283.90380859375
SYN-MAD22/OpenCV_processed_task2_r30/019_08-vs-135_08.jpg,attack,306.747802734375
SYN-MAD22/OpenCV_processed_task2_r30/019_08-vs-139_08.jpg,attack,251.01502990722656
SYN-MAD22/OpenCV_processed_task2_r30/019_08-vs-144_08.jpg,attack,255.60690307617188
SYN-MAD22/OpenCV_processed_task2_r30/019_08.jpg,bonafide,357.4647216796875
SYN-MAD22/OpenCV_processed_task2_r30/020_03-vs-062_03.jpg,attack,343.68994140625
SYN-MAD22/OpenCV_processed_task2_r30/020_03-vs-064_03.jpg,attack,288.2242431640625
SYN-MAD22/OpenCV_processed_task2_r30/020_03-vs-102_03.jpg,attack,286.5298156738281
SYN-MAD22/OpenCV_processed_task2_r30/020_03.jpg,bonafide,427.30157470703125
SYN-MAD22/OpenCV_processed_task2_r30/020_08-vs-064_08.jpg,attack,326.1470947265625
SYN-MAD22/OpenCV_processed_task2_r30/020_08-vs-099_08.jpg,attack,396.28509521484375
SYN-MAD22/OpenCV_processed_task2_r30/020_08-vs-102_08.jpg,attack,301.22802734375
SYN-MAD22/OpenCV_processed_task2_r30/020_08.jpg,bonafide,413.843017578125
SYN-MAD22/OpenCV_processed_task2_r30/021_03-vs-029_03.jpg,attack,295.0153503417969
SYN-MAD22/OpenCV_processed_task2_r30/021_03-vs-037_03.jpg,attack,235.48532104492188
SYN-MAD22/OpenCV_processed_task2_r30/021_03-vs-121_03.jpg,attack,291.95135498046875
SYN-MAD22/OpenCV_processed_task2_r30/021_03-vs-125_03.jpg,attack,264.535888671875
SYN-MAD22/OpenCV_processed_task2_r30/021_03-vs-140_03.jpg,attack,315.95794677734375
SYN-MAD22/OpenCV_processed_task2_r30/021_03-vs-173_03.jpg,attack,333.869140625
SYN-MAD22/OpenCV_processed_task2_r30/021_03.jpg,bonafide,239.88180541992188
SYN-MAD22/OpenCV_processed_task2_r30/021_08-vs-029_08.jpg,attack,291.879638671875
SYN-MAD22/OpenCV_processed_task2_r30/021_08-vs-105_08.jpg,attack,281.96636962890625
SYN-MAD22/OpenCV_processed_task2_r30/021_08-vs-121_08.jpg,attack,298.1178283691406
SYN-MAD22/OpenCV_processed_task2_r30/021_08-vs-125_08.jpg,attack,270.20355224609375
SYN-MAD22/OpenCV_processed_task2_r30/021_08-vs-130_08.jpg,attack,273.32110595703125
SYN-MAD22/OpenCV_processed_task2_r30/021_08-vs-132_08.jpg,attack,282.08453369140625
SYN-MAD22/OpenCV_processed_task2_r30/021_08-vs-140_08.jpg,attack,342.9389343261719
SYN-MAD22/OpenCV_processed_task2_r30/021_08-vs-173_08.jpg,attack,309.8248596191406
SYN-MAD22/OpenCV_processed_task2_r30/021_08.jpg,bonafide,259.19189453125
SYN-MAD22/OpenCV_processed_task2_r30/022_03-vs-082_03.jpg,attack,302.20391845703125
SYN-MAD22/OpenCV_processed_task2_r30/022_03-vs-123_03.jpg,attack,298.8187255859375
SYN-MAD22/OpenCV_processed_task2_r30/022_03-vs-172_03.jpg,attack,274.5852355957031
SYN-MAD22/OpenCV_processed_task2_r30/022_03-vs-173_03.jpg,attack,312.4405822753906
SYN-MAD22/OpenCV_processed_task2_r30/022_03.jpg,bonafide,403.04925537109375
SYN-MAD22/OpenCV_processed_task2_r30/022_08-vs-031_08.jpg,attack,322.78973388671875
SYN-MAD22/OpenCV_processed_task2_r30/022_08-vs-042_08.jpg,attack,327.7719421386719
SYN-MAD22/OpenCV_processed_task2_r30/022_08-vs-082_08.jpg,attack,285.8570861816406
SYN-MAD22/OpenCV_processed_task2_r30/022_08-vs-172_08.jpg,attack,333.92730712890625
SYN-MAD22/OpenCV_processed_task2_r30/022_08-vs-173_08.jpg,attack,314.7906494140625
SYN-MAD22/OpenCV_processed_task2_r30/022_08.jpg,bonafide,455.66583251953125
SYN-MAD22/OpenCV_processed_task2_r30/024_03-vs-031_03.jpg,attack,297.3602294921875
SYN-MAD22/OpenCV_processed_task2_r30/024_03-vs-036_03.jpg,attack,347.32354736328125
SYN-MAD22/OpenCV_processed_task2_r30/024_03-vs-042_03.jpg,attack,256.73333740234375
SYN-MAD22/OpenCV_processed_task2_r30/024_03-vs-045_03.jpg,attack,287.08447265625
SYN-MAD22/OpenCV_processed_task2_r30/024_03-vs-061_03.jpg,attack,274.6948547363281
SYN-MAD22/OpenCV_processed_task2_r30/024_03-vs-092_03.jpg,attack,265.1679992675781
SYN-MAD22/OpenCV_processed_task2_r30/024_03-vs-125_03.jpg,attack,301.55413818359375
SYN-MAD22/OpenCV_processed_task2_r30/024_03-vs-131_03.jpg,attack,250.2847442626953
SYN-MAD22/OpenCV_processed_task2_r30/024_03-vs-137_03.jpg,attack,233.26785278320312
SYN-MAD22/OpenCV_processed_task2_r30/024_03-vs-138_03.jpg,attack,250.0647430419922
SYN-MAD22/OpenCV_processed_task2_r30/024_03-vs-140_03.jpg,attack,314.84039306640625
SYN-MAD22/OpenCV_processed_task2_r30/024_03-vs-141_03.jpg,attack,244.16427612304688
SYN-MAD22/OpenCV_processed_task2_r30/024_03-vs-173_03.jpg,attack,287.6506042480469
SYN-MAD22/OpenCV_processed_task2_r30/024_03.jpg,bonafide,322.57421875
SYN-MAD22/OpenCV_processed_task2_r30/024_08-vs-036_08.jpg,attack,336.6956481933594
SYN-MAD22/OpenCV_processed_task2_r30/024_08-vs-045_08.jpg,attack,257.4958190917969
SYN-MAD22/OpenCV_processed_task2_r30/024_08-vs-061_08.jpg,attack,254.76272583007812
SYN-MAD22/OpenCV_processed_task2_r30/024_08-vs-069_08.jpg,attack,363.4246826171875
SYN-MAD22/OpenCV_processed_task2_r30/024_08-vs-092_08.jpg,attack,266.6996765136719
SYN-MAD22/OpenCV_processed_task2_r30/024_08-vs-121_08.jpg,attack,231.64306640625
SYN-MAD22/OpenCV_processed_task2_r30/024_08-vs-125_08.jpg,attack,298.4888916015625
SYN-MAD22/OpenCV_processed_task2_r30/024_08-vs-131_08.jpg,attack,241.02854919433594
SYN-MAD22/OpenCV_processed_task2_r30/024_08-vs-137_08.jpg,attack,239.083740234375
SYN-MAD22/OpenCV_processed_task2_r30/024_08-vs-141_08.jpg,attack,254.9535675048828
SYN-MAD22/OpenCV_processed_task2_r30/024_08-vs-173_08.jpg,attack,291.45953369140625
SYN-MAD22/OpenCV_processed_task2_r30/024_08.jpg,bonafide,329.99627685546875
SYN-MAD22/OpenCV_processed_task2_r30/025_03-vs-038_03.jpg,attack,301.84521484375
SYN-MAD22/OpenCV_processed_task2_r30/025_03-vs-062_03.jpg,attack,339.5852966308594
SYN-MAD22/OpenCV_processed_task2_r30/025_03-vs-091_03.jpg,attack,334.8174743652344
SYN-MAD22/OpenCV_processed_task2_r30/025_03-vs-124_03.jpg,attack,302.6798095703125
SYN-MAD22/OpenCV_processed_task2_r30/025_03-vs-134_03.jpg,attack,268.8740234375
SYN-MAD22/OpenCV_processed_task2_r30/025_03-vs-136_03.jpg,attack,281.59942626953125
SYN-MAD22/OpenCV_processed_task2_r30/025_03.jpg,bonafide,403.56085205078125
SYN-MAD22/OpenCV_processed_task2_r30/025_08-vs-038_08.jpg,attack,296.30328369140625
SYN-MAD22/OpenCV_processed_task2_r30/025_08-vs-091_08.jpg,attack,330.0404052734375
SYN-MAD22/OpenCV_processed_task2_r30/025_08-vs-124_08.jpg,attack,293.1733093261719
SYN-MAD22/OpenCV_processed_task2_r30/025_08-vs-134_08.jpg,attack,306.10467529296875
SYN-MAD22/OpenCV_processed_task2_r30/025_08-vs-136_08.jpg,attack,262.2957458496094
SYN-MAD22/OpenCV_processed_task2_r30/025_08.jpg,bonafide,366.6085205078125
SYN-MAD22/OpenCV_processed_task2_r30/026_03-vs-045_03.jpg,attack,288.0726318359375
SYN-MAD22/OpenCV_processed_task2_r30/026_03-vs-070_03.jpg,attack,299.817138671875
SYN-MAD22/OpenCV_processed_task2_r30/026_03-vs-123_03.jpg,attack,303.3061218261719
SYN-MAD22/OpenCV_processed_task2_r30/026_03-vs-130_03.jpg,attack,249.140380859375
SYN-MAD22/OpenCV_processed_task2_r30/026_03-vs-143_03.jpg,attack,265.37298583984375
SYN-MAD22/OpenCV_processed_task2_r30/026_03.jpg,bonafide,331.43017578125
SYN-MAD22/OpenCV_processed_task2_r30/026_08-vs-045_08.jpg,attack,296.91375732421875
SYN-MAD22/OpenCV_processed_task2_r30/026_08-vs-070_08.jpg,attack,286.0914306640625
SYN-MAD22/OpenCV_processed_task2_r30/026_08-vs-104_08.jpg,attack,298.34637451171875
SYN-MAD22/OpenCV_processed_task2_r30/026_08-vs-130_08.jpg,attack,277.89935302734375
SYN-MAD22/OpenCV_processed_task2_r30/026_08-vs-132_08.jpg,attack,324.43511962890625
SYN-MAD22/OpenCV_processed_task2_r30/026_08-vs-138_08.jpg,attack,291.34820556640625
SYN-MAD22/OpenCV_processed_task2_r30/026_08-vs-140_08.jpg,attack,307.876708984375
SYN-MAD22/OpenCV_processed_task2_r30/026_08.jpg,bonafide,371.521484375
SYN-MAD22/OpenCV_processed_task2_r30/027_03-vs-083_03.jpg,attack,287.5279846191406
SYN-MAD22/OpenCV_processed_task2_r30/027_03-vs-090_03.jpg,attack,282.6752014160156
SYN-MAD22/OpenCV_processed_task2_r30/027_03-vs-094_03.jpg,attack,291.5563049316406
SYN-MAD22/OpenCV_processed_task2_r30/027_03-vs-099_03.jpg,attack,285.4234619140625
SYN-MAD22/OpenCV_processed_task2_r30/027_03-vs-100_03.jpg,attack,266.5201416015625
SYN-MAD22/OpenCV_processed_task2_r30/027_03-vs-102_03.jpg,attack,266.9342346191406
SYN-MAD22/OpenCV_processed_task2_r30/027_03-vs-118_03.jpg,attack,271.8385009765625
SYN-MAD22/OpenCV_processed_task2_r30/027_03-vs-139_03.jpg,attack,244.8383026123047
SYN-MAD22/OpenCV_processed_task2_r30/027_03-vs-144_03.jpg,attack,245.95455932617188
SYN-MAD22/OpenCV_processed_task2_r30/027_03.jpg,bonafide,338.99749755859375
SYN-MAD22/OpenCV_processed_task2_r30/027_08-vs-032_08.jpg,attack,309.58447265625
SYN-MAD22/OpenCV_processed_task2_r30/027_08-vs-038_08.jpg,attack,244.90550231933594
SYN-MAD22/OpenCV_processed_task2_r30/027_08-vs-081_08.jpg,attack,225.40969848632812
SYN-MAD22/OpenCV_processed_task2_r30/027_08-vs-083_08.jpg,attack,280.58612060546875
SYN-MAD22/OpenCV_processed_task2_r30/027_08-vs-090_08.jpg,attack,270.486083984375
SYN-MAD22/OpenCV_processed_task2_r30/027_08-vs-099_08.jpg,attack,278.6099548339844
SYN-MAD22/OpenCV_processed_task2_r30/027_08-vs-100_08.jpg,attack,287.8370361328125
SYN-MAD22/OpenCV_processed_task2_r30/027_08-vs-102_08.jpg,attack,244.30255126953125
SYN-MAD22/OpenCV_processed_task2_r30/027_08-vs-118_08.jpg,attack,261.471435546875
SYN-MAD22/OpenCV_processed_task2_r30/027_08-vs-139_08.jpg,attack,257.9596252441406
SYN-MAD22/OpenCV_processed_task2_r30/027_08-vs-144_08.jpg,attack,237.59988403320312
SYN-MAD22/OpenCV_processed_task2_r30/027_08.jpg,bonafide,317.44451904296875
SYN-MAD22/OpenCV_processed_task2_r30/029_03-vs-033_03.jpg,attack,317.76043701171875
SYN-MAD22/OpenCV_processed_task2_r30/029_03-vs-041_03.jpg,attack,345.984130859375
SYN-MAD22/OpenCV_processed_task2_r30/029_03-vs-044_03.jpg,attack,291.580810546875
SYN-MAD22/OpenCV_processed_task2_r30/029_03-vs-082_03.jpg,attack,292.1634521484375
SYN-MAD22/OpenCV_processed_task2_r30/029_03-vs-143_03.jpg,attack,274.94537353515625
SYN-MAD22/OpenCV_processed_task2_r30/029_03-vs-173_03.jpg,attack,302.30230712890625
SYN-MAD22/OpenCV_processed_task2_r30/029_03.jpg,bonafide,375.0616455078125
SYN-MAD22/OpenCV_processed_task2_r30/029_08-vs-041_08.jpg,attack,369.98974609375
SYN-MAD22/OpenCV_processed_task2_r30/029_08-vs-044_08.jpg,attack,289.472900390625
SYN-MAD22/OpenCV_processed_task2_r30/029_08-vs-082_08.jpg,attack,281.41778564453125
SYN-MAD22/OpenCV_processed_task2_r30/029_08-vs-137_08.jpg,attack,307.3739013671875
SYN-MAD22/OpenCV_processed_task2_r30/029_08-vs-143_08.jpg,attack,292.34039306640625
SYN-MAD22/OpenCV_processed_task2_r30/029_08-vs-173_08.jpg,attack,278.44171142578125
SYN-MAD22/OpenCV_processed_task2_r30/029_08.jpg,bonafide,407.15460205078125
SYN-MAD22/OpenCV_processed_task2_r30/030_03-vs-039_03.jpg,attack,312.0780944824219
SYN-MAD22/OpenCV_processed_task2_r30/030_03-vs-062_03.jpg,attack,335.78192138671875
SYN-MAD22/OpenCV_processed_task2_r30/030_03-vs-091_03.jpg,attack,352.61566162109375
SYN-MAD22/OpenCV_processed_task2_r30/030_03-vs-134_03.jpg,attack,327.4556884765625
SYN-MAD22/OpenCV_processed_task2_r30/030_03.jpg,bonafide,426.61444091796875
SYN-MAD22/OpenCV_processed_task2_r30/030_08-vs-039_08.jpg,attack,338.4566650390625
SYN-MAD22/OpenCV_processed_task2_r30/030_08-vs-112_08.jpg,attack,344.22430419921875
SYN-MAD22/OpenCV_processed_task2_r30/030_08-vs-127_08.jpg,attack,369.39166259765625
SYN-MAD22/OpenCV_processed_task2_r30/030_08-vs-134_08.jpg,attack,367.0422668457031
SYN-MAD22/OpenCV_processed_task2_r30/030_08.jpg,bonafide,453.855712890625
SYN-MAD22/OpenCV_processed_task2_r30/031_03-vs-042_03.jpg,attack,252.52236938476562
SYN-MAD22/OpenCV_processed_task2_r30/031_03-vs-043_03.jpg,attack,265.0919189453125
SYN-MAD22/OpenCV_processed_task2_r30/031_03-vs-068_03.jpg,attack,250.53659057617188
SYN-MAD22/OpenCV_processed_task2_r30/031_03-vs-117_03.jpg,attack,277.0614929199219
SYN-MAD22/OpenCV_processed_task2_r30/031_03-vs-121_03.jpg,attack,269.8705749511719
SYN-MAD22/OpenCV_processed_task2_r30/031_03-vs-132_03.jpg,attack,327.9493408203125
SYN-MAD22/OpenCV_processed_task2_r30/031_03-vs-137_03.jpg,attack,252.30795288085938
SYN-MAD22/OpenCV_processed_task2_r30/031_03.jpg,bonafide,381.175537109375
SYN-MAD22/OpenCV_processed_task2_r30/031_08-vs-042_08.jpg,attack,264.0060119628906
SYN-MAD22/OpenCV_processed_task2_r30/031_08-vs-043_08.jpg,attack,251.42507934570312
SYN-MAD22/OpenCV_processed_task2_r30/031_08-vs-068_08.jpg,attack,305.7862854003906
SYN-MAD22/OpenCV_processed_task2_r30/031_08-vs-117_08.jpg,attack,297.6607666015625
SYN-MAD22/OpenCV_processed_task2_r30/031_08-vs-137_08.jpg,attack,247.1047821044922
SYN-MAD22/OpenCV_processed_task2_r30/031_08.jpg,bonafide,385.32476806640625
SYN-MAD22/OpenCV_processed_task2_r30/032_03-vs-086_03.jpg,attack,327.2839660644531
SYN-MAD22/OpenCV_processed_task2_r30/032_03-vs-091_03.jpg,attack,364.6037292480469
SYN-MAD22/OpenCV_processed_task2_r30/032_03-vs-094_03.jpg,attack,345.204345703125
SYN-MAD22/OpenCV_processed_task2_r30/032_03-vs-107_03.jpg,attack,322.82073974609375
SYN-MAD22/OpenCV_processed_task2_r30/032_03-vs-126_03.jpg,attack,307.6007080078125
SYN-MAD22/OpenCV_processed_task2_r30/032_03.jpg,bonafide,433.1346435546875
SYN-MAD22/OpenCV_processed_task2_r30/032_08-vs-039_08.jpg,attack,337.5716247558594
SYN-MAD22/OpenCV_processed_task2_r30/032_08-vs-086_08.jpg,attack,318.7854309082031
SYN-MAD22/OpenCV_processed_task2_r30/032_08-vs-091_08.jpg,attack,342.34503173828125
SYN-MAD22/OpenCV_processed_task2_r30/032_08-vs-099_08.jpg,attack,298.06561279296875
SYN-MAD22/OpenCV_processed_task2_r30/032_08-vs-124_08.jpg,attack,344.8924865722656
SYN-MAD22/OpenCV_processed_task2_r30/032_08-vs-126_08.jpg,attack,353.9084167480469
SYN-MAD22/OpenCV_processed_task2_r30/032_08-vs-144_08.jpg,attack,262.50665283203125
SYN-MAD22/OpenCV_processed_task2_r30/032_08.jpg,bonafide,422.696533203125
SYN-MAD22/OpenCV_processed_task2_r30/033_03-vs-092_03.jpg,attack,306.37493896484375
SYN-MAD22/OpenCV_processed_task2_r30/033_03-vs-104_03.jpg,attack,330.94024658203125
SYN-MAD22/OpenCV_processed_task2_r30/033_03-vs-108_03.jpg,attack,330.9429016113281
SYN-MAD22/OpenCV_processed_task2_r30/033_03-vs-119_03.jpg,attack,304.13995361328125
SYN-MAD22/OpenCV_processed_task2_r30/033_03-vs-140_03.jpg,attack,326.0626220703125
SYN-MAD22/OpenCV_processed_task2_r30/033_03-vs-143_03.jpg,attack,287.187255859375
SYN-MAD22/OpenCV_processed_task2_r30/033_03.jpg,bonafide,397.7381896972656
SYN-MAD22/OpenCV_processed_task2_r30/033_08-vs-044_08.jpg,attack,287.90673828125
SYN-MAD22/OpenCV_processed_task2_r30/033_08-vs-045_08.jpg,attack,277.9608154296875
SYN-MAD22/OpenCV_processed_task2_r30/033_08-vs-082_08.jpg,attack,267.28955078125
SYN-MAD22/OpenCV_processed_task2_r30/033_08-vs-092_08.jpg,attack,304.4580078125
SYN-MAD22/OpenCV_processed_task2_r30/033_08-vs-104_08.jpg,attack,302.7796630859375
SYN-MAD22/OpenCV_processed_task2_r30/033_08-vs-108_08.jpg,attack,335.353271484375
SYN-MAD22/OpenCV_processed_task2_r30/033_08-vs-119_08.jpg,attack,300.82781982421875
SYN-MAD22/OpenCV_processed_task2_r30/033_08-vs-140_08.jpg,attack,305.3359069824219
SYN-MAD22/OpenCV_processed_task2_r30/033_08-vs-143_08.jpg,attack,306.86260986328125
SYN-MAD22/OpenCV_processed_task2_r30/033_08.jpg,bonafide,377.9503173828125
SYN-MAD22/OpenCV_processed_task2_r30/034_03-vs-099_03.jpg,attack,287.51873779296875
SYN-MAD22/OpenCV_processed_task2_r30/034_03-vs-100_03.jpg,attack,242.06643676757812
SYN-MAD22/OpenCV_processed_task2_r30/034_03-vs-118_03.jpg,attack,266.36395263671875
SYN-MAD22/OpenCV_processed_task2_r30/034_03-vs-139_03.jpg,attack,252.82363891601562
SYN-MAD22/OpenCV_processed_task2_r30/034_03.jpg,bonafide,321.5768127441406
SYN-MAD22/OpenCV_processed_task2_r30/034_08-vs-062_08.jpg,attack,324.9878234863281
SYN-MAD22/OpenCV_processed_task2_r30/034_08-vs-064_08.jpg,attack,309.69256591796875
SYN-MAD22/OpenCV_processed_task2_r30/034_08-vs-094_08.jpg,attack,302.0711975097656
SYN-MAD22/OpenCV_processed_task2_r30/034_08-vs-099_08.jpg,attack,324.9766845703125
SYN-MAD22/OpenCV_processed_task2_r30/034_08-vs-126_08.jpg,attack,254.5706787109375
SYN-MAD22/OpenCV_processed_task2_r30/034_08-vs-127_08.jpg,attack,292.3319091796875
SYN-MAD22/OpenCV_processed_task2_r30/034_08.jpg,bonafide,373.9027099609375
SYN-MAD22/OpenCV_processed_task2_r30/036_03-vs-063_03.jpg,attack,326.365966796875
SYN-MAD22/OpenCV_processed_task2_r30/036_03-vs-096_03.jpg,attack,298.4992370605469
SYN-MAD22/OpenCV_processed_task2_r30/036_03-vs-128_03.jpg,attack,325.2109680175781
SYN-MAD22/OpenCV_processed_task2_r30/036_03-vs-130_03.jpg,attack,315.6864929199219
SYN-MAD22/OpenCV_processed_task2_r30/036_03-vs-141_03.jpg,attack,315.31256103515625
SYN-MAD22/OpenCV_processed_task2_r30/036_03-vs-142_03.jpg,attack,316.04034423828125
SYN-MAD22/OpenCV_processed_task2_r30/036_03-vs-143_03.jpg,attack,286.820556640625
SYN-MAD22/OpenCV_processed_task2_r30/036_03.jpg,bonafide,413.81201171875
SYN-MAD22/OpenCV_processed_task2_r30/036_08-vs-096_08.jpg,attack,323.78961181640625
SYN-MAD22/OpenCV_processed_task2_r30/036_08-vs-128_08.jpg,attack,352.7503662109375
SYN-MAD22/OpenCV_processed_task2_r30/036_08-vs-130_08.jpg,attack,321.4657287597656
SYN-MAD22/OpenCV_processed_task2_r30/036_08-vs-141_08.jpg,attack,319.8233642578125
SYN-MAD22/OpenCV_processed_task2_r30/036_08-vs-142_08.jpg,attack,341.450439453125
SYN-MAD22/OpenCV_processed_task2_r30/036_08.jpg,bonafide,486.84014892578125
SYN-MAD22/OpenCV_processed_task2_r30/037_03-vs-070_03.jpg,attack,291.375732421875
SYN-MAD22/OpenCV_processed_task2_r30/037_03-vs-103_03.jpg,attack,344.74017333984375
SYN-MAD22/OpenCV_processed_task2_r30/037_03-vs-108_03.jpg,attack,335.909912109375
SYN-MAD22/OpenCV_processed_task2_r30/037_03-vs-128_03.jpg,attack,289.70562744140625
SYN-MAD22/OpenCV_processed_task2_r30/037_03-vs-132_03.jpg,attack,321.2671203613281
SYN-MAD22/OpenCV_processed_task2_r30/037_03-vs-140_03.jpg,attack,343.1727294921875
SYN-MAD22/OpenCV_processed_task2_r30/037_03-vs-172_03.jpg,attack,312.57452392578125
SYN-MAD22/OpenCV_processed_task2_r30/037_03.jpg,bonafide,354.06005859375
SYN-MAD22/OpenCV_processed_task2_r30/037_08-vs-042_08.jpg,attack,317.070068359375
SYN-MAD22/OpenCV_processed_task2_r30/037_08-vs-103_08.jpg,attack,382.28564453125
SYN-MAD22/OpenCV_processed_task2_r30/037_08-vs-108_08.jpg,attack,351.025146484375
SYN-MAD22/OpenCV_processed_task2_r30/037_08-vs-128_08.jpg,attack,419.37933349609375
SYN-MAD22/OpenCV_processed_task2_r30/037_08-vs-130_08.jpg,attack,327.1622314453125
SYN-MAD22/OpenCV_processed_task2_r30/037_08-vs-132_08.jpg,attack,363.431640625
SYN-MAD22/OpenCV_processed_task2_r30/037_08-vs-140_08.jpg,attack,340.6650695800781
SYN-MAD22/OpenCV_processed_task2_r30/037_08.jpg,bonafide,446.71527099609375
SYN-MAD22/OpenCV_processed_task2_r30/038_03-vs-062_03.jpg,attack,301.2248229980469
SYN-MAD22/OpenCV_processed_task2_r30/038_03-vs-066_03.jpg,attack,295.8311767578125
SYN-MAD22/OpenCV_processed_task2_r30/038_03-vs-102_03.jpg,attack,292.49755859375
SYN-MAD22/OpenCV_processed_task2_r30/038_03-vs-124_03.jpg,attack,256.0155029296875
SYN-MAD22/OpenCV_processed_task2_r30/038_03-vs-136_03.jpg,attack,297.1619873046875
SYN-MAD22/OpenCV_processed_task2_r30/038_03.jpg,bonafide,343.7457275390625
SYN-MAD22/OpenCV_processed_task2_r30/038_08-vs-062_08.jpg,attack,278.0149841308594
SYN-MAD22/OpenCV_processed_task2_r30/038_08-vs-066_08.jpg,attack,338.91143798828125
SYN-MAD22/OpenCV_processed_task2_r30/038_08-vs-091_08.jpg,attack,283.5883483886719
SYN-MAD22/OpenCV_processed_task2_r30/038_08-vs-099_08.jpg,attack,249.18011474609375
SYN-MAD22/OpenCV_processed_task2_r30/038_08-vs-102_08.jpg,attack,267.1891784667969
SYN-MAD22/OpenCV_processed_task2_r30/038_08-vs-124_08.jpg,attack,281.8290710449219
SYN-MAD22/OpenCV_processed_task2_r30/038_08-vs-129_08.jpg,attack,294.864990234375
SYN-MAD22/OpenCV_processed_task2_r30/038_08-vs-136_08.jpg,attack,303.3102111816406
SYN-MAD22/OpenCV_processed_task2_r30/038_08.jpg,bonafide,317.545654296875
SYN-MAD22/OpenCV_processed_task2_r30/039_03-vs-090_03.jpg,attack,313.6155090332031
SYN-MAD22/OpenCV_processed_task2_r30/039_03-vs-097_03.jpg,attack,278.731201171875
SYN-MAD22/OpenCV_processed_task2_r30/039_03-vs-102_03.jpg,attack,294.49627685546875
SYN-MAD22/OpenCV_processed_task2_r30/039_03-vs-107_03.jpg,attack,258.22381591796875
SYN-MAD22/OpenCV_processed_task2_r30/039_03-vs-124_03.jpg,attack,324.38165283203125
SYN-MAD22/OpenCV_processed_task2_r30/039_03-vs-139_03.jpg,attack,304.9937744140625
SYN-MAD22/OpenCV_processed_task2_r30/039_03-vs-144_03.jpg,attack,282.1843566894531
SYN-MAD22/OpenCV_processed_task2_r30/039_03.jpg,bonafide,408.7328796386719
SYN-MAD22/OpenCV_processed_task2_r30/039_08-vs-090_08.jpg,attack,298.5594482421875
SYN-MAD22/OpenCV_processed_task2_r30/039_08-vs-097_08.jpg,attack,298.1690673828125
SYN-MAD22/OpenCV_processed_task2_r30/039_08-vs-102_08.jpg,attack,262.2505798339844
SYN-MAD22/OpenCV_processed_task2_r30/039_08-vs-107_08.jpg,attack,267.6179504394531
SYN-MAD22/OpenCV_processed_task2_r30/039_08-vs-118_08.jpg,attack,285.18817138671875
SYN-MAD22/OpenCV_processed_task2_r30/039_08-vs-124_08.jpg,attack,309.7879333496094
SYN-MAD22/OpenCV_processed_task2_r30/039_08-vs-139_08.jpg,attack,285.9584655761719
SYN-MAD22/OpenCV_processed_task2_r30/039_08-vs-144_08.jpg,attack,274.25408935546875
SYN-MAD22/OpenCV_processed_task2_r30/039_08.jpg,bonafide,373.99658203125
SYN-MAD22/OpenCV_processed_task2_r30/041_03-vs-123_03.jpg,attack,358.87725830078125
SYN-MAD22/OpenCV_processed_task2_r30/041_03-vs-137_03.jpg,attack,386.2981262207031
SYN-MAD22/OpenCV_processed_task2_r30/041_03-vs-138_03.jpg,attack,370.52557373046875
SYN-MAD22/OpenCV_processed_task2_r30/041_03-vs-143_03.jpg,attack,339.7583923339844
SYN-MAD22/OpenCV_processed_task2_r30/041_03-vs-173_03.jpg,attack,363.8691101074219
SYN-MAD22/OpenCV_processed_task2_r30/041_03.jpg,bonafide,522.8131103515625
SYN-MAD22/OpenCV_processed_task2_r30/041_08-vs-044_08.jpg,attack,352.1750793457031
SYN-MAD22/OpenCV_processed_task2_r30/041_08-vs-069_08.jpg,attack,403.4437561035156
SYN-MAD22/OpenCV_processed_task2_r30/041_08-vs-070_08.jpg,attack,444.95159912109375
SYN-MAD22/OpenCV_processed_task2_r30/041_08-vs-137_08.jpg,attack,341.71539306640625
SYN-MAD22/OpenCV_processed_task2_r30/041_08-vs-138_08.jpg,attack,377.421875
SYN-MAD22/OpenCV_processed_task2_r30/041_08-vs-143_08.jpg,attack,352.15911865234375
SYN-MAD22/OpenCV_processed_task2_r30/041_08-vs-173_08.jpg,attack,371.10955810546875
SYN-MAD22/OpenCV_processed_task2_r30/041_08.jpg,bonafide,491.2721252441406
SYN-MAD22/OpenCV_processed_task2_r30/042_03-vs-115_03.jpg,attack,297.71624755859375
SYN-MAD22/OpenCV_processed_task2_r30/042_03-vs-137_03.jpg,attack,270.02484130859375
SYN-MAD22/OpenCV_processed_task2_r30/042_03-vs-141_03.jpg,attack,318.53790283203125
SYN-MAD22/OpenCV_processed_task2_r30/042_03.jpg,bonafide,374.053466796875
SYN-MAD22/OpenCV_processed_task2_r30/042_08-vs-045_08.jpg,attack,288.0176086425781
SYN-MAD22/OpenCV_processed_task2_r30/042_08-vs-115_08.jpg,attack,286.7101745605469
SYN-MAD22/OpenCV_processed_task2_r30/042_08-vs-137_08.jpg,attack,283.83331298828125
SYN-MAD22/OpenCV_processed_task2_r30/042_08-vs-140_08.jpg,attack,269.3680725097656
SYN-MAD22/OpenCV_processed_task2_r30/042_08-vs-141_08.jpg,attack,280.56719970703125
SYN-MAD22/OpenCV_processed_task2_r30/042_08.jpg,bonafide,359.5341796875
SYN-MAD22/OpenCV_processed_task2_r30/043_03-vs-044_03.jpg,attack,260.7454528808594
SYN-MAD22/OpenCV_processed_task2_r30/043_03-vs-045_03.jpg,attack,278.24383544921875
SYN-MAD22/OpenCV_processed_task2_r30/043_03-vs-092_03.jpg,attack,274.5684814453125
SYN-MAD22/OpenCV_processed_task2_r30/043_03-vs-172_03.jpg,attack,222.16860961914062
SYN-MAD22/OpenCV_processed_task2_r30/043_03.jpg,bonafide,319.4354248046875
SYN-MAD22/OpenCV_processed_task2_r30/043_08-vs-044_08.jpg,attack,283.9256896972656
SYN-MAD22/OpenCV_processed_task2_r30/043_08-vs-045_08.jpg,attack,289.7606201171875
SYN-MAD22/OpenCV_processed_task2_r30/043_08-vs-104_08.jpg,attack,287.2980041503906
SYN-MAD22/OpenCV_processed_task2_r30/043_08-vs-123_08.jpg,attack,275.04412841796875
SYN-MAD22/OpenCV_processed_task2_r30/043_08-vs-172_08.jpg,attack,270.702392578125
SYN-MAD22/OpenCV_processed_task2_r30/043_08.jpg,bonafide,348.30731201171875
SYN-MAD22/OpenCV_processed_task2_r30/044_03-vs-067_03.jpg,attack,284.6551513671875
SYN-MAD22/OpenCV_processed_task2_r30/044_03-vs-082_03.jpg,attack,263.71221923828125
SYN-MAD22/OpenCV_processed_task2_r30/044_03-vs-114_03.jpg,attack,288.10809326171875
SYN-MAD22/OpenCV_processed_task2_r30/044_03-vs-115_03.jpg,attack,297.85430908203125
SYN-MAD22/OpenCV_processed_task2_r30/044_03-vs-173_03.jpg,attack,294.8424072265625
SYN-MAD22/OpenCV_processed_task2_r30/044_03.jpg,bonafide,342.2701416015625
SYN-MAD22/OpenCV_processed_task2_r30/044_08-vs-061_08.jpg,attack,246.447265625
SYN-MAD22/OpenCV_processed_task2_r30/044_08-vs-082_08.jpg,attack,261.0130920410156
SYN-MAD22/OpenCV_processed_task2_r30/044_08-vs-115_08.jpg,attack,299.1988220214844
SYN-MAD22/OpenCV_processed_task2_r30/044_08.jpg,bonafide,359.37530517578125
SYN-MAD22/OpenCV_processed_task2_r30/045_03-vs-082_03.jpg,attack,264.6433410644531
SYN-MAD22/OpenCV_processed_task2_r30/045_03-vs-108_03.jpg,attack,278.7763977050781
SYN-MAD22/OpenCV_processed_task2_r30/045_03-vs-123_03.jpg,attack,273.4205627441406
SYN-MAD22/OpenCV_processed_task2_r30/045_03-vs-128_03.jpg,attack,251.57960510253906
SYN-MAD22/OpenCV_processed_task2_r30/045_03-vs-138_03.jpg,attack,295.6033020019531
SYN-MAD22/OpenCV_processed_task2_r30/045_03-vs-140_03.jpg,attack,300.161376953125
SYN-MAD22/OpenCV_processed_task2_r30/045_03-vs-141_03.jpg,attack,296.0946960449219
SYN-MAD22/OpenCV_processed_task2_r30/045_03-vs-143_03.jpg,attack,255.54409790039062
SYN-MAD22/OpenCV_processed_task2_r30/045_03.jpg,bonafide,382.1184997558594
SYN-MAD22/OpenCV_processed_task2_r30/045_08-vs-063_08.jpg,attack,257.76165771484375
SYN-MAD22/OpenCV_processed_task2_r30/045_08-vs-082_08.jpg,attack,254.79214477539062
SYN-MAD22/OpenCV_processed_task2_r30/045_08-vs-123_08.jpg,attack,252.60147094726562
SYN-MAD22/OpenCV_processed_task2_r30/045_08-vs-128_08.jpg,attack,234.24603271484375
SYN-MAD22/OpenCV_processed_task2_r30/045_08-vs-138_08.jpg,attack,262.5849304199219
SYN-MAD22/OpenCV_processed_task2_r30/045_08-vs-140_08.jpg,attack,291.53216552734375
SYN-MAD22/OpenCV_processed_task2_r30/045_08-vs-143_08.jpg,attack,255.1804656982422
SYN-MAD22/OpenCV_processed_task2_r30/045_08.jpg,bonafide,335.18414306640625
SYN-MAD22/OpenCV_processed_task2_r30/061_03-vs-121_03.jpg,attack,225.0166473388672
SYN-MAD22/OpenCV_processed_task2_r30/061_03-vs-125_03.jpg,attack,269.1874694824219
SYN-MAD22/OpenCV_processed_task2_r30/061_03-vs-141_03.jpg,attack,306.2222900390625
SYN-MAD22/OpenCV_processed_task2_r30/061_03-vs-142_03.jpg,attack,260.78173828125
SYN-MAD22/OpenCV_processed_task2_r30/061_03.jpg,bonafide,298.98321533203125
SYN-MAD22/OpenCV_processed_task2_r30/061_08-vs-121_08.jpg,attack,234.9893798828125
SYN-MAD22/OpenCV_processed_task2_r30/061_08-vs-125_08.jpg,attack,289.4740905761719
SYN-MAD22/OpenCV_processed_task2_r30/061_08-vs-141_08.jpg,attack,287.55902099609375
SYN-MAD22/OpenCV_processed_task2_r30/061_08.jpg,bonafide,344.17620849609375
SYN-MAD22/OpenCV_processed_task2_r30/062_03-vs-066_03.jpg,attack,324.16351318359375
SYN-MAD22/OpenCV_processed_task2_r30/062_03-vs-099_03.jpg,attack,330.0964050292969
SYN-MAD22/OpenCV_processed_task2_r30/062_03-vs-102_03.jpg,attack,290.6357116699219
SYN-MAD22/OpenCV_processed_task2_r30/062_03-vs-118_03.jpg,attack,307.5068664550781
SYN-MAD22/OpenCV_processed_task2_r30/062_03-vs-124_03.jpg,attack,313.82281494140625
SYN-MAD22/OpenCV_processed_task2_r30/062_03-vs-126_03.jpg,attack,308.21807861328125
SYN-MAD22/OpenCV_processed_task2_r30/062_03.jpg,bonafide,468.2026062011719
SYN-MAD22/OpenCV_processed_task2_r30/062_08-vs-064_08.jpg,attack,343.64642333984375
SYN-MAD22/OpenCV_processed_task2_r30/062_08-vs-066_08.jpg,attack,312.80938720703125
SYN-MAD22/OpenCV_processed_task2_r30/062_08-vs-083_08.jpg,attack,334.0946044921875
SYN-MAD22/OpenCV_processed_task2_r30/062_08-vs-094_08.jpg,attack,316.289794921875
SYN-MAD22/OpenCV_processed_task2_r30/062_08-vs-099_08.jpg,attack,339.1934509277344
SYN-MAD22/OpenCV_processed_task2_r30/062_08-vs-102_08.jpg,attack,311.34637451171875
SYN-MAD22/OpenCV_processed_task2_r30/062_08-vs-118_08.jpg,attack,316.90997314453125
SYN-MAD22/OpenCV_processed_task2_r30/062_08-vs-124_08.jpg,attack,329.0711669921875
SYN-MAD22/OpenCV_processed_task2_r30/062_08-vs-126_08.jpg,attack,313.939697265625
SYN-MAD22/OpenCV_processed_task2_r30/062_08.jpg,bonafide,456.1205749511719
SYN-MAD22/OpenCV_processed_task2_r30/063_03-vs-069_03.jpg,attack,382.4456787109375
SYN-MAD22/OpenCV_processed_task2_r30/063_03-vs-070_03.jpg,attack,298.06982421875
SYN-MAD22/OpenCV_processed_task2_r30/063_03-vs-092_03.jpg,attack,291.857666015625
SYN-MAD22/OpenCV_processed_task2_r30/063_03-vs-104_03.jpg,attack,299.78759765625
SYN-MAD22/OpenCV_processed_task2_r30/063_03-vs-115_03.jpg,attack,299.2901611328125
SYN-MAD22/OpenCV_processed_task2_r30/063_03-vs-123_03.jpg,attack,338.4638366699219
SYN-MAD22/OpenCV_processed_task2_r30/063_03-vs-125_03.jpg,attack,268.394287109375
SYN-MAD22/OpenCV_processed_task2_r30/063_03-vs-130_03.jpg,attack,275.71661376953125
SYN-MAD22/OpenCV_processed_task2_r30/063_03-vs-140_03.jpg,attack,319.38543701171875
SYN-MAD22/OpenCV_processed_task2_r30/063_03.jpg,bonafide,350.24652099609375
SYN-MAD22/OpenCV_processed_task2_r30/063_08-vs-069_08.jpg,attack,373.3409423828125
SYN-MAD22/OpenCV_processed_task2_r30/063_08-vs-070_08.jpg,attack,282.3134460449219
SYN-MAD22/OpenCV_processed_task2_r30/063_08-vs-092_08.jpg,attack,287.8094482421875
SYN-MAD22/OpenCV_processed_task2_r30/063_08-vs-096_08.jpg,attack,301.17523193359375
SYN-MAD22/OpenCV_processed_task2_r30/063_08-vs-104_08.jpg,attack,310.77154541015625
SYN-MAD22/OpenCV_processed_task2_r30/063_08-vs-115_08.jpg,attack,318.9149169921875
SYN-MAD22/OpenCV_processed_task2_r30/063_08-vs-125_08.jpg,attack,297.616455078125
SYN-MAD22/OpenCV_processed_task2_r30/063_08-vs-130_08.jpg,attack,301.06341552734375
SYN-MAD22/OpenCV_processed_task2_r30/063_08-vs-132_08.jpg,attack,358.0775146484375
SYN-MAD22/OpenCV_processed_task2_r30/063_08-vs-140_08.jpg,attack,317.592529296875
SYN-MAD22/OpenCV_processed_task2_r30/063_08-vs-143_08.jpg,attack,305.63812255859375
SYN-MAD22/OpenCV_processed_task2_r30/063_08.jpg,bonafide,389.2145690917969
SYN-MAD22/OpenCV_processed_task2_r30/064_03-vs-066_03.jpg,attack,315.5741271972656
SYN-MAD22/OpenCV_processed_task2_r30/064_03-vs-081_03.jpg,attack,292.97479248046875
SYN-MAD22/OpenCV_processed_task2_r30/064_03-vs-091_03.jpg,attack,313.8405456542969
SYN-MAD22/OpenCV_processed_task2_r30/064_03-vs-094_03.jpg,attack,308.516357421875
SYN-MAD22/OpenCV_processed_task2_r30/064_03-vs-097_03.jpg,attack,288.7845764160156
SYN-MAD22/OpenCV_processed_task2_r30/064_03-vs-099_03.jpg,attack,322.643310546875
SYN-MAD22/OpenCV_processed_task2_r30/064_03-vs-122_03.jpg,attack,321.040283203125
SYN-MAD22/OpenCV_processed_task2_r30/064_03-vs-127_03.jpg,attack,287.5589294433594
SYN-MAD22/OpenCV_processed_task2_r30/064_03-vs-134_03.jpg,attack,270.220947265625
SYN-MAD22/OpenCV_processed_task2_r30/064_03-vs-135_03.jpg,attack,337.9691162109375
SYN-MAD22/OpenCV_processed_task2_r30/064_03.jpg,bonafide,375.4101867675781
SYN-MAD22/OpenCV_processed_task2_r30/064_08-vs-066_08.jpg,attack,326.2491455078125
SYN-MAD22/OpenCV_processed_task2_r30/064_08-vs-091_08.jpg,attack,329.44024658203125
SYN-MAD22/OpenCV_processed_task2_r30/064_08-vs-097_08.jpg,attack,334.26629638671875
SYN-MAD22/OpenCV_processed_task2_r30/064_08-vs-099_08.jpg,attack,347.9366760253906
SYN-MAD22/OpenCV_processed_task2_r30/064_08-vs-122_08.jpg,attack,302.1312255859375
SYN-MAD22/OpenCV_processed_task2_r30/064_08-vs-127_08.jpg,attack,345.55853271484375
SYN-MAD22/OpenCV_processed_task2_r30/064_08-vs-134_08.jpg,attack,281.5007019042969
SYN-MAD22/OpenCV_processed_task2_r30/064_08.jpg,bonafide,393.26104736328125
SYN-MAD22/OpenCV_processed_task2_r30/066_03-vs-083_03.jpg,attack,300.912841796875
SYN-MAD22/OpenCV_processed_task2_r30/066_03-vs-087_03.jpg,attack,351.4152526855469
SYN-MAD22/OpenCV_processed_task2_r30/066_03-vs-090_03.jpg,attack,287.9814758300781
SYN-MAD22/OpenCV_processed_task2_r30/066_03-vs-094_03.jpg,attack,289.9930419921875
SYN-MAD22/OpenCV_processed_task2_r30/066_03-vs-097_03.jpg,attack,286.9233093261719
SYN-MAD22/OpenCV_processed_task2_r30/066_03-vs-099_03.jpg,attack,308.064208984375
SYN-MAD22/OpenCV_processed_task2_r30/066_03-vs-100_03.jpg,attack,289.7795715332031
SYN-MAD22/OpenCV_processed_task2_r30/066_03-vs-113_03.jpg,attack,334.14752197265625
SYN-MAD22/OpenCV_processed_task2_r30/066_03-vs-126_03.jpg,attack,279.7789306640625
SYN-MAD22/OpenCV_processed_task2_r30/066_03-vs-129_03.jpg,attack,273.9346008300781
SYN-MAD22/OpenCV_processed_task2_r30/066_03.jpg,bonafide,373.0989990234375
SYN-MAD22/OpenCV_processed_task2_r30/066_08-vs-083_08.jpg,attack,297.3562927246094
SYN-MAD22/OpenCV_processed_task2_r30/066_08-vs-087_08.jpg,attack,314.65863037109375
SYN-MAD22/OpenCV_processed_task2_r30/066_08-vs-094_08.jpg,attack,313.56494140625
SYN-MAD22/OpenCV_processed_task2_r30/066_08-vs-097_08.jpg,attack,305.6227111816406
SYN-MAD22/OpenCV_processed_task2_r30/066_08-vs-099_08.jpg,attack,285.99822998046875
SYN-MAD22/OpenCV_processed_task2_r30/066_08-vs-126_08.jpg,attack,272.19482421875
SYN-MAD22/OpenCV_processed_task2_r30/066_08-vs-129_08.jpg,attack,282.6297607421875
SYN-MAD22/OpenCV_processed_task2_r30/066_08.jpg,bonafide,369.2272033691406
SYN-MAD22/OpenCV_processed_task2_r30/067_03-vs-069_03.jpg,attack,340.29852294921875
SYN-MAD22/OpenCV_processed_task2_r30/067_03-vs-114_03.jpg,attack,277.2650146484375
SYN-MAD22/OpenCV_processed_task2_r30/067_03-vs-128_03.jpg,attack,268.30792236328125
SYN-MAD22/OpenCV_processed_task2_r30/067_03-vs-130_03.jpg,attack,253.85116577148438
SYN-MAD22/OpenCV_processed_task2_r30/067_03.jpg,bonafide,342.6893310546875
SYN-MAD22/OpenCV_processed_task2_r30/067_08-vs-069_08.jpg,attack,323.9922790527344
SYN-MAD22/OpenCV_processed_task2_r30/067_08-vs-114_08.jpg,attack,283.7104797363281
SYN-MAD22/OpenCV_processed_task2_r30/067_08-vs-115_08.jpg,attack,264.1609191894531
SYN-MAD22/OpenCV_processed_task2_r30/067_08-vs-128_08.jpg,attack,278.4092102050781
SYN-MAD22/OpenCV_processed_task2_r30/067_08-vs-130_08.jpg,attack,231.75001525878906
SYN-MAD22/OpenCV_processed_task2_r30/067_08-vs-141_08.jpg,attack,240.53623962402344
SYN-MAD22/OpenCV_processed_task2_r30/067_08.jpg,bonafide,342.3691711425781
SYN-MAD22/OpenCV_processed_task2_r30/068_03-vs-115_03.jpg,attack,331.0022888183594
SYN-MAD22/OpenCV_processed_task2_r30/068_03-vs-117_03.jpg,attack,279.80584716796875
SYN-MAD22/OpenCV_processed_task2_r30/068_03-vs-128_03.jpg,attack,331.70709228515625
SYN-MAD22/OpenCV_processed_task2_r30/068_03-vs-132_03.jpg,attack,309.8643493652344
SYN-MAD22/OpenCV_processed_task2_r30/068_03-vs-138_03.jpg,attack,309.4382019042969
SYN-MAD22/OpenCV_processed_task2_r30/068_03-vs-143_03.jpg,attack,279.3511657714844
SYN-MAD22/OpenCV_processed_task2_r30/068_03.jpg,bonafide,293.200439453125
SYN-MAD22/OpenCV_processed_task2_r30/068_08-vs-082_08.jpg,attack,266.4717102050781
SYN-MAD22/OpenCV_processed_task2_r30/068_08-vs-115_08.jpg,attack,313.392822265625
SYN-MAD22/OpenCV_processed_task2_r30/068_08-vs-128_08.jpg,attack,333.296142578125
SYN-MAD22/OpenCV_processed_task2_r30/068_08-vs-132_08.jpg,attack,319.5374755859375
SYN-MAD22/OpenCV_processed_task2_r30/068_08-vs-138_08.jpg,attack,327.9472961425781
SYN-MAD22/OpenCV_processed_task2_r30/068_08-vs-143_08.jpg,attack,299.5755920410156
SYN-MAD22/OpenCV_processed_task2_r30/068_08.jpg,bonafide,363.0751953125
SYN-MAD22/OpenCV_processed_task2_r30/069_03-vs-104_03.jpg,attack,339.9761657714844
SYN-MAD22/OpenCV_processed_task2_r30/069_03-vs-115_03.jpg,attack,348.14947509765625
SYN-MAD22/OpenCV_processed_task2_r30/069_03-vs-130_03.jpg,attack,324.4229736328125
SYN-MAD22/OpenCV_processed_task2_r30/069_03-vs-131_03.jpg,attack,337.8748779296875
SYN-MAD22/OpenCV_processed_task2_r30/069_03-vs-132_03.jpg,attack,366.03460693359375
SYN-MAD22/OpenCV_processed_task2_r30/069_03-vs-172_03.jpg,attack,344.97772216796875
SYN-MAD22/OpenCV_processed_task2_r30/069_03.jpg,bonafide,589.4906005859375
SYN-MAD22/OpenCV_processed_task2_r30/069_08-vs-092_08.jpg,attack,350.786865234375
SYN-MAD22/OpenCV_processed_task2_r30/069_08-vs-104_08.jpg,attack,356.4552001953125
SYN-MAD22/OpenCV_processed_task2_r30/069_08-vs-115_08.jpg,attack,334.0575866699219
SYN-MAD22/OpenCV_processed_task2_r30/069_08-vs-130_08.jpg,attack,347.9117126464844
SYN-MAD22/OpenCV_processed_task2_r30/069_08-vs-131_08.jpg,attack,394.12762451171875
SYN-MAD22/OpenCV_processed_task2_r30/069_08-vs-132_08.jpg,attack,372.77679443359375
SYN-MAD22/OpenCV_processed_task2_r30/069_08.jpg,bonafide,583.4823608398438
SYN-MAD22/OpenCV_processed_task2_r30/070_03-vs-096_03.jpg,attack,287.1750793457031
SYN-MAD22/OpenCV_processed_task2_r30/070_03-vs-103_03.jpg,attack,320.4658203125
SYN-MAD22/OpenCV_processed_task2_r30/070_03-vs-108_03.jpg,attack,347.20147705078125
SYN-MAD22/OpenCV_processed_task2_r30/070_03-vs-128_03.jpg,attack,338.43463134765625
SYN-MAD22/OpenCV_processed_task2_r30/070_03-vs-141_03.jpg,attack,329.5013427734375
SYN-MAD22/OpenCV_processed_task2_r30/070_03-vs-143_03.jpg,attack,338.1376953125
SYN-MAD22/OpenCV_processed_task2_r30/070_03.jpg,bonafide,414.5709228515625
SYN-MAD22/OpenCV_processed_task2_r30/070_08-vs-108_08.jpg,attack,315.750732421875
SYN-MAD22/OpenCV_processed_task2_r30/070_08-vs-143_08.jpg,attack,340.5850830078125
SYN-MAD22/OpenCV_processed_task2_r30/070_08.jpg,bonafide,411.5464782714844
SYN-MAD22/OpenCV_processed_task2_r30/081_03-vs-090_03.jpg,attack,250.3287353515625
SYN-MAD22/OpenCV_processed_task2_r30/081_03-vs-091_03.jpg,attack,277.0932312011719
SYN-MAD22/OpenCV_processed_task2_r30/081_03-vs-097_03.jpg,attack,260.68359375
SYN-MAD22/OpenCV_processed_task2_r30/081_03-vs-100_03.jpg,attack,257.99700927734375
SYN-MAD22/OpenCV_processed_task2_r30/081_03-vs-122_03.jpg,attack,276.74127197265625
SYN-MAD22/OpenCV_processed_task2_r30/081_03-vs-127_03.jpg,attack,276.4320983886719
SYN-MAD22/OpenCV_processed_task2_r30/081_03-vs-135_03.jpg,attack,322.22369384765625
SYN-MAD22/OpenCV_processed_task2_r30/081_03.jpg,bonafide,342.1150817871094
SYN-MAD22/OpenCV_processed_task2_r30/081_08-vs-090_08.jpg,attack,255.6923065185547
SYN-MAD22/OpenCV_processed_task2_r30/081_08-vs-091_08.jpg,attack,285.75421142578125
SYN-MAD22/OpenCV_processed_task2_r30/081_08-vs-100_08.jpg,attack,264.10589599609375
SYN-MAD22/OpenCV_processed_task2_r30/081_08-vs-118_08.jpg,attack,215.55642700195312
SYN-MAD22/OpenCV_processed_task2_r30/081_08-vs-122_08.jpg,attack,263.80328369140625
SYN-MAD22/OpenCV_processed_task2_r30/081_08-vs-135_08.jpg,attack,262.40228271484375
SYN-MAD22/OpenCV_processed_task2_r30/081_08.jpg,bonafide,299.0848388671875
SYN-MAD22/OpenCV_processed_task2_r30/082_03-vs-105_03.jpg,attack,273.8870849609375
SYN-MAD22/OpenCV_processed_task2_r30/082_03-vs-128_03.jpg,attack,304.7360534667969
SYN-MAD22/OpenCV_processed_task2_r30/082_03-vs-138_03.jpg,attack,282.5263366699219
SYN-MAD22/OpenCV_processed_task2_r30/082_03.jpg,bonafide,317.4888000488281
SYN-MAD22/OpenCV_processed_task2_r30/082_08-vs-101_08.jpg,attack,269.0130920410156
SYN-MAD22/OpenCV_processed_task2_r30/082_08-vs-105_08.jpg,attack,277.2210388183594
SYN-MAD22/OpenCV_processed_task2_r30/082_08-vs-130_08.jpg,attack,261.9610900878906
SYN-MAD22/OpenCV_processed_task2_r30/082_08-vs-137_08.jpg,attack,258.0010681152344
SYN-MAD22/OpenCV_processed_task2_r30/082_08-vs-140_08.jpg,attack,268.5826110839844
SYN-MAD22/OpenCV_processed_task2_r30/082_08.jpg,bonafide,308.21722412109375
SYN-MAD22/OpenCV_processed_task2_r30/083_03-vs-087_03.jpg,attack,296.38128662109375
SYN-MAD22/OpenCV_processed_task2_r30/083_03-vs-113_03.jpg,attack,351.4810791015625
SYN-MAD22/OpenCV_processed_task2_r30/083_03.jpg,bonafide,338.07196044921875
SYN-MAD22/OpenCV_processed_task2_r30/083_08-vs-087_08.jpg,attack,320.9414367675781
SYN-MAD22/OpenCV_processed_task2_r30/083_08-vs-118_08.jpg,attack,301.18768310546875
SYN-MAD22/OpenCV_processed_task2_r30/083_08-vs-129_08.jpg,attack,295.27520751953125
SYN-MAD22/OpenCV_processed_task2_r30/083_08.jpg,bonafide,341.4892578125
SYN-MAD22/OpenCV_processed_task2_r30/086_03-vs-091_03.jpg,attack,325.06854248046875
SYN-MAD22/OpenCV_processed_task2_r30/086_03.jpg,bonafide,393.46905517578125
SYN-MAD22/OpenCV_processed_task2_r30/086_08-vs-091_08.jpg,attack,311.1787109375
SYN-MAD22/OpenCV_processed_task2_r30/086_08.jpg,bonafide,403.36279296875
SYN-MAD22/OpenCV_processed_task2_r30/087_03-vs-090_03.jpg,attack,315.265380859375
SYN-MAD22/OpenCV_processed_task2_r30/087_03-vs-102_03.jpg,attack,318.1152038574219
SYN-MAD22/OpenCV_processed_task2_r30/087_03-vs-127_03.jpg,attack,306.03314208984375
SYN-MAD22/OpenCV_processed_task2_r30/087_03-vs-135_03.jpg,attack,360.7320556640625
SYN-MAD22/OpenCV_processed_task2_r30/087_03.jpg,bonafide,420.4197998046875
SYN-MAD22/OpenCV_processed_task2_r30/087_08-vs-090_08.jpg,attack,315.4093017578125
SYN-MAD22/OpenCV_processed_task2_r30/087_08-vs-102_08.jpg,attack,294.0635986328125
SYN-MAD22/OpenCV_processed_task2_r30/087_08-vs-118_08.jpg,attack,283.565673828125
SYN-MAD22/OpenCV_processed_task2_r30/087_08-vs-124_08.jpg,attack,305.1206359863281
SYN-MAD22/OpenCV_processed_task2_r30/087_08-vs-135_08.jpg,attack,317.5101318359375
SYN-MAD22/OpenCV_processed_task2_r30/087_08-vs-136_08.jpg,attack,296.2599792480469
SYN-MAD22/OpenCV_processed_task2_r30/087_08.jpg,bonafide,414.80615234375
SYN-MAD22/OpenCV_processed_task2_r30/090_03-vs-091_03.jpg,attack,328.70355224609375
SYN-MAD22/OpenCV_processed_task2_r30/090_03-vs-100_03.jpg,attack,248.93661499023438
SYN-MAD22/OpenCV_processed_task2_r30/090_03-vs-102_03.jpg,attack,261.3337097167969
SYN-MAD22/OpenCV_processed_task2_r30/090_03-vs-107_03.jpg,attack,268.13592529296875
SYN-MAD22/OpenCV_processed_task2_r30/090_03-vs-112_03.jpg,attack,291.8341369628906
SYN-MAD22/OpenCV_processed_task2_r30/090_03-vs-122_03.jpg,attack,284.62225341796875
SYN-MAD22/OpenCV_processed_task2_r30/090_03-vs-135_03.jpg,attack,332.89862060546875
SYN-MAD22/OpenCV_processed_task2_r30/090_03.jpg,bonafide,366.941162109375
SYN-MAD22/OpenCV_processed_task2_r30/090_08-vs-097_08.jpg,attack,281.69317626953125
SYN-MAD22/OpenCV_processed_task2_r30/090_08-vs-100_08.jpg,attack,289.0621032714844
SYN-MAD22/OpenCV_processed_task2_r30/090_08-vs-102_08.jpg,attack,268.73406982421875
SYN-MAD22/OpenCV_processed_task2_r30/090_08-vs-107_08.jpg,attack,281.03985595703125
SYN-MAD22/OpenCV_processed_task2_r30/090_08-vs-122_08.jpg,attack,281.28948974609375
SYN-MAD22/OpenCV_processed_task2_r30/090_08-vs-127_08.jpg,attack,288.67755126953125
SYN-MAD22/OpenCV_processed_task2_r30/090_08-vs-135_08.jpg,attack,332.52703857421875
SYN-MAD22/OpenCV_processed_task2_r30/090_08-vs-136_08.jpg,attack,271.32489013671875
SYN-MAD22/OpenCV_processed_task2_r30/090_08.jpg,bonafide,370.3497314453125
SYN-MAD22/OpenCV_processed_task2_r30/091_03-vs-097_03.jpg,attack,327.2992248535156
SYN-MAD22/OpenCV_processed_task2_r30/091_03-vs-112_03.jpg,attack,316.330078125
SYN-MAD22/OpenCV_processed_task2_r30/091_03-vs-129_03.jpg,attack,275.0124816894531
SYN-MAD22/OpenCV_processed_task2_r30/091_03-vs-134_03.jpg,attack,343.7463073730469
SYN-MAD22/OpenCV_processed_task2_r30/091_03.jpg,bonafide,416.82000732421875
SYN-MAD22/OpenCV_processed_task2_r30/091_08-vs-097_08.jpg,attack,344.9372863769531
SYN-MAD22/OpenCV_processed_task2_r30/091_08.jpg,bonafide,405.4502258300781
SYN-MAD22/OpenCV_processed_task2_r30/092_03-vs-104_03.jpg,attack,291.82110595703125
SYN-MAD22/OpenCV_processed_task2_r30/092_03-vs-123_03.jpg,attack,241.78863525390625
SYN-MAD22/OpenCV_processed_task2_r30/092_03-vs-128_03.jpg,attack,243.81924438476562
SYN-MAD22/OpenCV_processed_task2_r30/092_03.jpg,bonafide,328.3573913574219
SYN-MAD22/OpenCV_processed_task2_r30/092_08-vs-104_08.jpg,attack,286.3248291015625
SYN-MAD22/OpenCV_processed_task2_r30/092_08-vs-123_08.jpg,attack,236.09072875976562
SYN-MAD22/OpenCV_processed_task2_r30/092_08-vs-128_08.jpg,attack,231.6958465576172
SYN-MAD22/OpenCV_processed_task2_r30/092_08-vs-143_08.jpg,attack,257.2289733886719
SYN-MAD22/OpenCV_processed_task2_r30/092_08.jpg,bonafide,310.26617431640625
SYN-MAD22/OpenCV_processed_task2_r30/094_03-vs-099_03.jpg,attack,269.65155029296875
SYN-MAD22/OpenCV_processed_task2_r30/094_03-vs-102_03.jpg,attack,261.6502990722656
SYN-MAD22/OpenCV_processed_task2_r30/094_03-vs-124_03.jpg,attack,273.8786315917969
SYN-MAD22/OpenCV_processed_task2_r30/094_03-vs-126_03.jpg,attack,244.14956665039062
SYN-MAD22/OpenCV_processed_task2_r30/094_03-vs-139_03.jpg,attack,265.2216796875
SYN-MAD22/OpenCV_processed_task2_r30/094_03.jpg,bonafide,314.699462890625
SYN-MAD22/OpenCV_processed_task2_r30/094_08-vs-097_08.jpg,attack,317.6553649902344
SYN-MAD22/OpenCV_processed_task2_r30/094_08-vs-099_08.jpg,attack,318.54046630859375
SYN-MAD22/OpenCV_processed_task2_r30/094_08-vs-124_08.jpg,attack,302.7938537597656
SYN-MAD22/OpenCV_processed_task2_r30/094_08-vs-126_08.jpg,attack,262.7247619628906
SYN-MAD22/OpenCV_processed_task2_r30/094_08-vs-127_08.jpg,attack,311.32861328125
SYN-MAD22/OpenCV_processed_task2_r30/094_08-vs-139_08.jpg,attack,295.9544372558594
SYN-MAD22/OpenCV_processed_task2_r30/094_08.jpg,bonafide,382.15045166015625
SYN-MAD22/OpenCV_processed_task2_r30/096_03-vs-104_03.jpg,attack,259.9850769042969
SYN-MAD22/OpenCV_processed_task2_r30/096_03-vs-128_03.jpg,attack,260.60992431640625
SYN-MAD22/OpenCV_processed_task2_r30/096_03-vs-130_03.jpg,attack,239.41583251953125
SYN-MAD22/OpenCV_processed_task2_r30/096_03-vs-137_03.jpg,attack,239.2523651123047
SYN-MAD22/OpenCV_processed_task2_r30/096_03-vs-141_03.jpg,attack,255.8836212158203
SYN-MAD22/OpenCV_processed_task2_r30/096_03.jpg,bonafide,298.369384765625
SYN-MAD22/OpenCV_processed_task2_r30/096_08-vs-104_08.jpg,attack,284.7658996582031
SYN-MAD22/OpenCV_processed_task2_r30/096_08-vs-128_08.jpg,attack,323.65509033203125
SYN-MAD22/OpenCV_processed_task2_r30/096_08.jpg,bonafide,318.49462890625
SYN-MAD22/OpenCV_processed_task2_r30/097_03-vs-099_03.jpg,attack,298.2852783203125
SYN-MAD22/OpenCV_processed_task2_r30/097_03-vs-112_03.jpg,attack,287.46051025390625
SYN-MAD22/OpenCV_processed_task2_r30/097_03-vs-118_03.jpg,attack,287.3707275390625
SYN-MAD22/OpenCV_processed_task2_r30/097_03-vs-129_03.jpg,attack,242.84222412109375
SYN-MAD22/OpenCV_processed_task2_r30/097_03-vs-135_03.jpg,attack,330.7310791015625
SYN-MAD22/OpenCV_processed_task2_r30/097_03-vs-144_03.jpg,attack,258.50262451171875
SYN-MAD22/OpenCV_processed_task2_r30/097_03.jpg,bonafide,329.7596435546875
SYN-MAD22/OpenCV_processed_task2_r30/097_08-vs-102_08.jpg,attack,300.2427062988281
SYN-MAD22/OpenCV_processed_task2_r30/097_08-vs-118_08.jpg,attack,327.6188659667969
SYN-MAD22/OpenCV_processed_task2_r30/097_08-vs-120_08.jpg,attack,349.1025085449219
SYN-MAD22/OpenCV_processed_task2_r30/097_08-vs-139_08.jpg,attack,333.99066162109375
SYN-MAD22/OpenCV_processed_task2_r30/097_08-vs-144_08.jpg,attack,308.21942138671875
SYN-MAD22/OpenCV_processed_task2_r30/097_08.jpg,bonafide,417.27789306640625
SYN-MAD22/OpenCV_processed_task2_r30/099_03-vs-112_03.jpg,attack,289.3275451660156
SYN-MAD22/OpenCV_processed_task2_r30/099_03-vs-122_03.jpg,attack,281.974365234375
SYN-MAD22/OpenCV_processed_task2_r30/099_03-vs-126_03.jpg,attack,281.32647705078125
SYN-MAD22/OpenCV_processed_task2_r30/099_03-vs-127_03.jpg,attack,287.9347229003906
SYN-MAD22/OpenCV_processed_task2_r30/099_03.jpg,bonafide,314.76263427734375
SYN-MAD22/OpenCV_processed_task2_r30/099_08-vs-126_08.jpg,attack,311.20257568359375
SYN-MAD22/OpenCV_processed_task2_r30/099_08.jpg,bonafide,377.22869873046875
SYN-MAD22/OpenCV_processed_task2_r30/100_03-vs-118_03.jpg,attack,230.34136962890625
SYN-MAD22/OpenCV_processed_task2_r30/100_03-vs-122_03.jpg,attack,294.56597900390625
SYN-MAD22/OpenCV_processed_task2_r30/100_03-vs-136_03.jpg,attack,258.25103759765625
SYN-MAD22/OpenCV_processed_task2_r30/100_03.jpg,bonafide,334.7793273925781
SYN-MAD22/OpenCV_processed_task2_r30/100_08-vs-102_08.jpg,attack,293.3186340332031
SYN-MAD22/OpenCV_processed_task2_r30/100_08-vs-118_08.jpg,attack,303.4671630859375
SYN-MAD22/OpenCV_processed_task2_r30/100_08-vs-122_08.jpg,attack,314.00311279296875
SYN-MAD22/OpenCV_processed_task2_r30/100_08-vs-136_08.jpg,attack,275.24822998046875
SYN-MAD22/OpenCV_processed_task2_r30/100_08-vs-139_08.jpg,attack,292.6163330078125
SYN-MAD22/OpenCV_processed_task2_r30/100_08.jpg,bonafide,391.64617919921875
SYN-MAD22/OpenCV_processed_task2_r30/101_03-vs-105_03.jpg,attack,342.1639404296875
SYN-MAD22/OpenCV_processed_task2_r30/101_03-vs-121_03.jpg,attack,300.5172424316406
SYN-MAD22/OpenCV_processed_task2_r30/101_03-vs-131_03.jpg,attack,262.080078125
SYN-MAD22/OpenCV_processed_task2_r30/101_03-vs-132_03.jpg,attack,301.9964294433594
SYN-MAD22/OpenCV_processed_task2_r30/101_03-vs-140_03.jpg,attack,320.8511047363281
SYN-MAD22/OpenCV_processed_task2_r30/101_03.jpg,bonafide,351.73931884765625
SYN-MAD22/OpenCV_processed_task2_r30/101_08-vs-105_08.jpg,attack,320.7812194824219
SYN-MAD22/OpenCV_processed_task2_r30/101_08-vs-117_08.jpg,attack,271.42535400390625
SYN-MAD22/OpenCV_processed_task2_r30/101_08-vs-121_08.jpg,attack,283.16229248046875
SYN-MAD22/OpenCV_processed_task2_r30/101_08-vs-123_08.jpg,attack,302.71441650390625
SYN-MAD22/OpenCV_processed_task2_r30/101_08-vs-131_08.jpg,attack,250.9400177001953
SYN-MAD22/OpenCV_processed_task2_r30/101_08-vs-132_08.jpg,attack,278.7774658203125
SYN-MAD22/OpenCV_processed_task2_r30/101_08-vs-140_08.jpg,attack,313.8594970703125
SYN-MAD22/OpenCV_processed_task2_r30/101_08.jpg,bonafide,341.3165588378906
SYN-MAD22/OpenCV_processed_task2_r30/102_03-vs-107_03.jpg,attack,245.71475219726562
SYN-MAD22/OpenCV_processed_task2_r30/102_03-vs-118_03.jpg,attack,279.9602966308594
SYN-MAD22/OpenCV_processed_task2_r30/102_03-vs-136_03.jpg,attack,234.50558471679688
SYN-MAD22/OpenCV_processed_task2_r30/102_03-vs-139_03.jpg,attack,240.30764770507812
SYN-MAD22/OpenCV_processed_task2_r30/102_03-vs-144_03.jpg,attack,266.2843017578125
SYN-MAD22/OpenCV_processed_task2_r30/102_03.jpg,bonafide,307.52496337890625
SYN-MAD22/OpenCV_processed_task2_r30/102_08-vs-107_08.jpg,attack,255.4385986328125
SYN-MAD22/OpenCV_processed_task2_r30/102_08-vs-118_08.jpg,attack,266.510009765625
SYN-MAD22/OpenCV_processed_task2_r30/102_08-vs-122_08.jpg,attack,257.3097839355469
SYN-MAD22/OpenCV_processed_task2_r30/102_08-vs-124_08.jpg,attack,251.5951690673828
SYN-MAD22/OpenCV_processed_task2_r30/102_08-vs-136_08.jpg,attack,247.924072265625
SYN-MAD22/OpenCV_processed_task2_r30/102_08-vs-139_08.jpg,attack,267.38592529296875
SYN-MAD22/OpenCV_processed_task2_r30/102_08-vs-144_08.jpg,attack,263.0705261230469
SYN-MAD22/OpenCV_processed_task2_r30/102_08.jpg,bonafide,319.4368896484375
SYN-MAD22/OpenCV_processed_task2_r30/103_03-vs-108_03.jpg,attack,305.8259582519531
SYN-MAD22/OpenCV_processed_task2_r30/103_03-vs-117_03.jpg,attack,274.64892578125
SYN-MAD22/OpenCV_processed_task2_r30/103_03-vs-128_03.jpg,attack,281.99407958984375
SYN-MAD22/OpenCV_processed_task2_r30/103_03-vs-143_03.jpg,attack,269.11199951171875
SYN-MAD22/OpenCV_processed_task2_r30/103_03.jpg,bonafide,321.5665588378906
SYN-MAD22/OpenCV_processed_task2_r30/103_08-vs-108_08.jpg,attack,314.8934020996094
SYN-MAD22/OpenCV_processed_task2_r30/103_08-vs-128_08.jpg,attack,301.57720947265625
SYN-MAD22/OpenCV_processed_task2_r30/103_08.jpg,bonafide,366.68377685546875
SYN-MAD22/OpenCV_processed_task2_r30/104_03-vs-123_03.jpg,attack,299.2171325683594
SYN-MAD22/OpenCV_processed_task2_r30/104_03-vs-130_03.jpg,attack,270.2646484375
SYN-MAD22/OpenCV_processed_task2_r30/104_03-vs-141_03.jpg,attack,309.24591064453125
SYN-MAD22/OpenCV_processed_task2_r30/104_03.jpg,bonafide,387.117431640625
SYN-MAD22/OpenCV_processed_task2_r30/104_08-vs-123_08.jpg,attack,277.5304870605469
SYN-MAD22/OpenCV_processed_task2_r30/104_08-vs-130_08.jpg,attack,265.4847106933594
SYN-MAD22/OpenCV_processed_task2_r30/104_08-vs-141_08.jpg,attack,302.9924621582031
SYN-MAD22/OpenCV_processed_task2_r30/104_08-vs-172_08.jpg,attack,341.636474609375
SYN-MAD22/OpenCV_processed_task2_r30/104_08.jpg,bonafide,397.95147705078125
SYN-MAD22/OpenCV_processed_task2_r30/105_03-vs-117_03.jpg,attack,293.37921142578125
SYN-MAD22/OpenCV_processed_task2_r30/105_03-vs-121_03.jpg,attack,326.2926940917969
SYN-MAD22/OpenCV_processed_task2_r30/105_03-vs-125_03.jpg,attack,352.6821594238281
SYN-MAD22/OpenCV_processed_task2_r30/105_03-vs-140_03.jpg,attack,332.0828552246094
SYN-MAD22/OpenCV_processed_task2_r30/105_03-vs-141_03.jpg,attack,364.0708312988281
SYN-MAD22/OpenCV_processed_task2_r30/105_03.jpg,bonafide,417.35162353515625
SYN-MAD22/OpenCV_processed_task2_r30/105_08-vs-121_08.jpg,attack,330.217041015625
SYN-MAD22/OpenCV_processed_task2_r30/105_08-vs-125_08.jpg,attack,369.9896240234375
SYN-MAD22/OpenCV_processed_task2_r30/105_08-vs-138_08.jpg,attack,371.4136047363281
SYN-MAD22/OpenCV_processed_task2_r30/105_08-vs-140_08.jpg,attack,347.84283447265625
SYN-MAD22/OpenCV_processed_task2_r30/105_08.jpg,bonafide,457.1014099121094
SYN-MAD22/OpenCV_processed_task2_r30/107_03.jpg,bonafide,308.3693542480469
SYN-MAD22/OpenCV_processed_task2_r30/107_08-vs-118_08.jpg,attack,265.73291015625
SYN-MAD22/OpenCV_processed_task2_r30/107_08-vs-139_08.jpg,attack,289.07550048828125
SYN-MAD22/OpenCV_processed_task2_r30/107_08.jpg,bonafide,360.3084411621094
SYN-MAD22/OpenCV_processed_task2_r30/108_03-vs-128_03.jpg,attack,271.301513671875
SYN-MAD22/OpenCV_processed_task2_r30/108_03-vs-142_03.jpg,attack,269.95001220703125
SYN-MAD22/OpenCV_processed_task2_r30/108_03-vs-143_03.jpg,attack,255.2442626953125
SYN-MAD22/OpenCV_processed_task2_r30/108_03.jpg,bonafide,357.36175537109375
SYN-MAD22/OpenCV_processed_task2_r30/108_08-vs-119_08.jpg,attack,289.02093505859375
SYN-MAD22/OpenCV_processed_task2_r30/108_08-vs-128_08.jpg,attack,282.22674560546875
SYN-MAD22/OpenCV_processed_task2_r30/108_08-vs-143_08.jpg,attack,288.1915588378906
SYN-MAD22/OpenCV_processed_task2_r30/108_08.jpg,bonafide,379.7965087890625
SYN-MAD22/OpenCV_processed_task2_r30/112_03-vs-122_03.jpg,attack,285.80194091796875
SYN-MAD22/OpenCV_processed_task2_r30/112_03-vs-129_03.jpg,attack,259.5854797363281
SYN-MAD22/OpenCV_processed_task2_r30/112_03-vs-134_03.jpg,attack,278.92138671875
SYN-MAD22/OpenCV_processed_task2_r30/112_03-vs-139_03.jpg,attack,263.88739013671875
SYN-MAD22/OpenCV_processed_task2_r30/112_03.jpg,bonafide,394.7146911621094
SYN-MAD22/OpenCV_processed_task2_r30/112_08.jpg,bonafide,401.69671630859375
SYN-MAD22/OpenCV_processed_task2_r30/113_03-vs-118_03.jpg,attack,334.3857421875
SYN-MAD22/OpenCV_processed_task2_r30/113_03.jpg,bonafide,472.46954345703125
SYN-MAD22/OpenCV_processed_task2_r30/113_08-vs-118_08.jpg,attack,358.6234130859375
SYN-MAD22/OpenCV_processed_task2_r30/113_08-vs-139_08.jpg,attack,342.348876953125
SYN-MAD22/OpenCV_processed_task2_r30/113_08.jpg,bonafide,498.37139892578125
SYN-MAD22/OpenCV_processed_task2_r30/114_03-vs-121_03.jpg,attack,299.8772277832031
SYN-MAD22/OpenCV_processed_task2_r30/114_03-vs-125_03.jpg,attack,312.46673583984375
SYN-MAD22/OpenCV_processed_task2_r30/114_03-vs-128_03.jpg,attack,355.672607421875
SYN-MAD22/OpenCV_processed_task2_r30/114_03-vs-132_03.jpg,attack,279.3087463378906
SYN-MAD22/OpenCV_processed_task2_r30/114_03.jpg,bonafide,373.40203857421875
SYN-MAD22/OpenCV_processed_task2_r30/114_08-vs-125_08.jpg,attack,315.03564453125
SYN-MAD22/OpenCV_processed_task2_r30/114_08-vs-128_08.jpg,attack,357.70947265625
SYN-MAD22/OpenCV_processed_task2_r30/114_08-vs-132_08.jpg,attack,313.12640380859375
SYN-MAD22/OpenCV_processed_task2_r30/114_08.jpg,bonafide,402.27630615234375
SYN-MAD22/OpenCV_processed_task2_r30/115_03-vs-123_03.jpg,attack,311.63739013671875
SYN-MAD22/OpenCV_processed_task2_r30/115_03-vs-125_03.jpg,attack,271.32568359375
SYN-MAD22/OpenCV_processed_task2_r30/115_03-vs-132_03.jpg,attack,292.6415100097656
SYN-MAD22/OpenCV_processed_task2_r30/115_03-vs-142_03.jpg,attack,298.2666931152344
SYN-MAD22/OpenCV_processed_task2_r30/115_03.jpg,bonafide,389.3994140625
SYN-MAD22/OpenCV_processed_task2_r30/115_08-vs-125_08.jpg,attack,288.67138671875
SYN-MAD22/OpenCV_processed_task2_r30/115_08-vs-132_08.jpg,attack,310.14874267578125
SYN-MAD22/OpenCV_processed_task2_r30/115_08.jpg,bonafide,378.538330078125
SYN-MAD22/OpenCV_processed_task2_r30/117_03-vs-121_03.jpg,attack,280.6520080566406
SYN-MAD22/OpenCV_processed_task2_r30/117_03-vs-141_03.jpg,attack,267.2579040527344
SYN-MAD22/OpenCV_processed_task2_r30/117_03.jpg,bonafide,361.7082824707031
SYN-MAD22/OpenCV_processed_task2_r30/117_08-vs-121_08.jpg,attack,283.2510986328125
SYN-MAD22/OpenCV_processed_task2_r30/117_08-vs-123_08.jpg,attack,312.4590148925781
SYN-MAD22/OpenCV_processed_task2_r30/117_08-vs-141_08.jpg,attack,270.80218505859375
SYN-MAD22/OpenCV_processed_task2_r30/117_08-vs-173_08.jpg,attack,278.7120361328125
SYN-MAD22/OpenCV_processed_task2_r30/117_08.jpg,bonafide,391.57666015625
SYN-MAD22/OpenCV_processed_task2_r30/118_03.jpg,bonafide,312.6723327636719
SYN-MAD22/OpenCV_processed_task2_r30/118_08-vs-139_08.jpg,attack,288.93798828125
SYN-MAD22/OpenCV_processed_task2_r30/118_08-vs-144_08.jpg,attack,253.32473754882812
SYN-MAD22/OpenCV_processed_task2_r30/118_08.jpg,bonafide,336.07122802734375
SYN-MAD22/OpenCV_processed_task2_r30/119_03-vs-137_03.jpg,attack,251.69337463378906
SYN-MAD22/OpenCV_processed_task2_r30/119_03-vs-140_03.jpg,attack,341.549072265625
SYN-MAD22/OpenCV_processed_task2_r30/119_03.jpg,bonafide,337.08734130859375
SYN-MAD22/OpenCV_processed_task2_r30/119_08-vs-137_08.jpg,attack,271.9673767089844
SYN-MAD22/OpenCV_processed_task2_r30/119_08-vs-140_08.jpg,attack,336.0079040527344
SYN-MAD22/OpenCV_processed_task2_r30/119_08.jpg,bonafide,351.62359619140625
SYN-MAD22/OpenCV_processed_task2_r30/120_03-vs-136_03.jpg,attack,281.68035888671875
SYN-MAD22/OpenCV_processed_task2_r30/120_03-vs-144_03.jpg,attack,294.88507080078125
SYN-MAD22/OpenCV_processed_task2_r30/120_03.jpg,bonafide,408.6085205078125
SYN-MAD22/OpenCV_processed_task2_r30/120_08-vs-135_08.jpg,attack,400.1763916015625
SYN-MAD22/OpenCV_processed_task2_r30/120_08-vs-136_08.jpg,attack,316.0165100097656
SYN-MAD22/OpenCV_processed_task2_r30/120_08-vs-144_08.jpg,attack,309.6074523925781
SYN-MAD22/OpenCV_processed_task2_r30/120_08.jpg,bonafide,413.7830810546875
SYN-MAD22/OpenCV_processed_task2_r30/121_03-vs-137_03.jpg,attack,255.62049865722656
SYN-MAD22/OpenCV_processed_task2_r30/121_03-vs-140_03.jpg,attack,296.1998291015625
SYN-MAD22/OpenCV_processed_task2_r30/121_03-vs-142_03.jpg,attack,278.6459045410156
SYN-MAD22/OpenCV_processed_task2_r30/121_03.jpg,bonafide,382.0674133300781
SYN-MAD22/OpenCV_processed_task2_r30/121_08-vs-137_08.jpg,attack,248.2947998046875
SYN-MAD22/OpenCV_processed_task2_r30/121_08-vs-140_08.jpg,attack,285.0002746582031
SYN-MAD22/OpenCV_processed_task2_r30/121_08-vs-142_08.jpg,attack,256.1104736328125
SYN-MAD22/OpenCV_processed_task2_r30/121_08.jpg,bonafide,356.1849365234375
SYN-MAD22/OpenCV_processed_task2_r30/122_03-vs-129_03.jpg,attack,291.6993713378906
SYN-MAD22/OpenCV_processed_task2_r30/122_03-vs-139_03.jpg,attack,257.6337890625
SYN-MAD22/OpenCV_processed_task2_r30/122_03.jpg,bonafide,382.236083984375
SYN-MAD22/OpenCV_processed_task2_r30/122_08-vs-129_08.jpg,attack,285.7987060546875
SYN-MAD22/OpenCV_processed_task2_r30/122_08-vs-139_08.jpg,attack,260.89251708984375
SYN-MAD22/OpenCV_processed_task2_r30/122_08.jpg,bonafide,411.066650390625
SYN-MAD22/OpenCV_processed_task2_r30/123_03-vs-130_03.jpg,attack,260.8944396972656
SYN-MAD22/OpenCV_processed_task2_r30/123_03-vs-131_03.jpg,attack,258.7012023925781
SYN-MAD22/OpenCV_processed_task2_r30/123_03-vs-138_03.jpg,attack,279.9382019042969
SYN-MAD22/OpenCV_processed_task2_r30/123_03-vs-142_03.jpg,attack,287.9910888671875
SYN-MAD22/OpenCV_processed_task2_r30/123_03-vs-173_03.jpg,attack,267.3587646484375
SYN-MAD22/OpenCV_processed_task2_r30/123_03.jpg,bonafide,280.27691650390625
SYN-MAD22/OpenCV_processed_task2_r30/123_08-vs-138_08.jpg,attack,285.521484375
SYN-MAD22/OpenCV_processed_task2_r30/123_08.jpg,bonafide,303.4261474609375
SYN-MAD22/OpenCV_processed_task2_r30/124_03-vs-126_03.jpg,attack,273.9122314453125
SYN-MAD22/OpenCV_processed_task2_r30/124_03-vs-136_03.jpg,attack,270.5716552734375
SYN-MAD22/OpenCV_processed_task2_r30/124_03.jpg,bonafide,356.193603515625
SYN-MAD22/OpenCV_processed_task2_r30/124_08-vs-126_08.jpg,attack,269.11395263671875
SYN-MAD22/OpenCV_processed_task2_r30/124_08-vs-136_08.jpg,attack,285.84307861328125
SYN-MAD22/OpenCV_processed_task2_r30/124_08.jpg,bonafide,357.78253173828125
SYN-MAD22/OpenCV_processed_task2_r30/125_03-vs-132_03.jpg,attack,342.0499267578125
SYN-MAD22/OpenCV_processed_task2_r30/125_03-vs-138_03.jpg,attack,278.11260986328125
SYN-MAD22/OpenCV_processed_task2_r30/125_03-vs-141_03.jpg,attack,301.3843994140625
SYN-MAD22/OpenCV_processed_task2_r30/125_03-vs-172_03.jpg,attack,328.45806884765625
SYN-MAD22/OpenCV_processed_task2_r30/125_03-vs-173_03.jpg,attack,264.09686279296875
SYN-MAD22/OpenCV_processed_task2_r30/125_03.jpg,bonafide,358.2056884765625
SYN-MAD22/OpenCV_processed_task2_r30/125_08-vs-141_08.jpg,attack,289.97503662109375
SYN-MAD22/OpenCV_processed_task2_r30/125_08-vs-172_08.jpg,attack,327.9053649902344
SYN-MAD22/OpenCV_processed_task2_r30/125_08-vs-173_08.jpg,attack,260.622314453125
SYN-MAD22/OpenCV_processed_task2_r30/125_08.jpg,bonafide,369.84979248046875
SYN-MAD22/OpenCV_processed_task2_r30/126_03-vs-127_03.jpg,attack,239.57044982910156
SYN-MAD22/OpenCV_processed_task2_r30/126_03-vs-136_03.jpg,attack,244.0747833251953
SYN-MAD22/OpenCV_processed_task2_r30/126_03-vs-144_03.jpg,attack,258.8387756347656
SYN-MAD22/OpenCV_processed_task2_r30/126_03.jpg,bonafide,306.0264892578125
SYN-MAD22/OpenCV_processed_task2_r30/126_08-vs-127_08.jpg,attack,274.51617431640625
SYN-MAD22/OpenCV_processed_task2_r30/126_08-vs-136_08.jpg,attack,275.45477294921875
SYN-MAD22/OpenCV_processed_task2_r30/126_08-vs-144_08.jpg,attack,275.6529846191406
SYN-MAD22/OpenCV_processed_task2_r30/126_08.jpg,bonafide,343.82293701171875
SYN-MAD22/OpenCV_processed_task2_r30/127_03.jpg,bonafide,349.3982849121094
SYN-MAD22/OpenCV_processed_task2_r30/127_08.jpg,bonafide,373.2379455566406
SYN-MAD22/OpenCV_processed_task2_r30/128_03-vs-130_03.jpg,attack,265.44976806640625
SYN-MAD22/OpenCV_processed_task2_r30/128_03-vs-132_03.jpg,attack,315.41448974609375
SYN-MAD22/OpenCV_processed_task2_r30/128_03-vs-138_03.jpg,attack,302.155029296875
SYN-MAD22/OpenCV_processed_task2_r30/128_03-vs-141_03.jpg,attack,274.58587646484375
SYN-MAD22/OpenCV_processed_task2_r30/128_03-vs-142_03.jpg,attack,282.494873046875
SYN-MAD22/OpenCV_processed_task2_r30/128_03-vs-143_03.jpg,attack,275.4407043457031
SYN-MAD22/OpenCV_processed_task2_r30/128_03.jpg,bonafide,369.120361328125
SYN-MAD22/OpenCV_processed_task2_r30/128_08-vs-130_08.jpg,attack,290.3448486328125
SYN-MAD22/OpenCV_processed_task2_r30/128_08-vs-132_08.jpg,attack,357.157958984375
SYN-MAD22/OpenCV_processed_task2_r30/128_08-vs-140_08.jpg,attack,331.70452880859375
SYN-MAD22/OpenCV_processed_task2_r30/128_08-vs-141_08.jpg,attack,285.9019775390625
SYN-MAD22/OpenCV_processed_task2_r30/128_08-vs-143_08.jpg,attack,304.6363525390625
SYN-MAD22/OpenCV_processed_task2_r30/128_08.jpg,bonafide,412.6753845214844
SYN-MAD22/OpenCV_processed_task2_r30/129_03.jpg,bonafide,325.79510498046875
SYN-MAD22/OpenCV_processed_task2_r30/129_08.jpg,bonafide,371.128662109375
SYN-MAD22/OpenCV_processed_task2_r30/130_03-vs-131_03.jpg,attack,277.5639953613281
SYN-MAD22/OpenCV_processed_task2_r30/130_03-vs-132_03.jpg,attack,343.2565612792969
SYN-MAD22/OpenCV_processed_task2_r30/130_03-vs-138_03.jpg,attack,264.6774597167969
SYN-MAD22/OpenCV_processed_task2_r30/130_03-vs-141_03.jpg,attack,274.6694641113281
SYN-MAD22/OpenCV_processed_task2_r30/130_03-vs-173_03.jpg,attack,278.8669128417969
SYN-MAD22/OpenCV_processed_task2_r30/130_03.jpg,bonafide,321.13031005859375
SYN-MAD22/OpenCV_processed_task2_r30/130_08-vs-131_08.jpg,attack,247.10211181640625
SYN-MAD22/OpenCV_processed_task2_r30/130_08-vs-132_08.jpg,attack,324.2006530761719
SYN-MAD22/OpenCV_processed_task2_r30/130_08-vs-138_08.jpg,attack,269.469970703125
SYN-MAD22/OpenCV_processed_task2_r30/130_08-vs-141_08.jpg,attack,262.18560791015625
SYN-MAD22/OpenCV_processed_task2_r30/130_08.jpg,bonafide,339.06378173828125
SYN-MAD22/OpenCV_processed_task2_r30/131_03-vs-138_03.jpg,attack,282.9438171386719
SYN-MAD22/OpenCV_processed_task2_r30/131_03-vs-172_03.jpg,attack,312.7126770019531
SYN-MAD22/OpenCV_processed_task2_r30/131_03.jpg,bonafide,341.648681640625
SYN-MAD22/OpenCV_processed_task2_r30/131_08-vs-138_08.jpg,attack,288.5783996582031
SYN-MAD22/OpenCV_processed_task2_r30/131_08-vs-172_08.jpg,attack,248.9139404296875
SYN-MAD22/OpenCV_processed_task2_r30/131_08.jpg,bonafide,306.2095031738281
SYN-MAD22/OpenCV_processed_task2_r30/132_03-vs-172_03.jpg,attack,296.907470703125
SYN-MAD22/OpenCV_processed_task2_r30/132_03.jpg,bonafide,398.3651123046875
SYN-MAD22/OpenCV_processed_task2_r30/132_08-vs-172_08.jpg,attack,274.8457336425781
SYN-MAD22/OpenCV_processed_task2_r30/132_08.jpg,bonafide,427.1123046875
SYN-MAD22/OpenCV_processed_task2_r30/134_03-vs-139_03.jpg,attack,265.253662109375
SYN-MAD22/OpenCV_processed_task2_r30/134_03.jpg,bonafide,338.51934814453125
SYN-MAD22/OpenCV_processed_task2_r30/134_08-vs-139_08.jpg,attack,290.6163330078125
SYN-MAD22/OpenCV_processed_task2_r30/134_08.jpg,bonafide,358.20819091796875
SYN-MAD22/OpenCV_processed_task2_r30/135_03.jpg,bonafide,477.71405029296875
SYN-MAD22/OpenCV_processed_task2_r30/135_08.jpg,bonafide,442.6540222167969
SYN-MAD22/OpenCV_processed_task2_r30/136_03-vs-144_03.jpg,attack,231.18255615234375
SYN-MAD22/OpenCV_processed_task2_r30/136_03.jpg,bonafide,345.5653381347656
SYN-MAD22/OpenCV_processed_task2_r30/136_08-vs-144_08.jpg,attack,250.9612579345703
SYN-MAD22/OpenCV_processed_task2_r30/136_08.jpg,bonafide,349.9051513671875
SYN-MAD22/OpenCV_processed_task2_r30/137_03-vs-140_03.jpg,attack,306.94244384765625
SYN-MAD22/OpenCV_processed_task2_r30/137_03-vs-143_03.jpg,attack,252.03297424316406
SYN-MAD22/OpenCV_processed_task2_r30/137_03.jpg,bonafide,328.64300537109375
SYN-MAD22/OpenCV_processed_task2_r30/137_08-vs-140_08.jpg,attack,267.1080322265625
SYN-MAD22/OpenCV_processed_task2_r30/137_08.jpg,bonafide,323.95361328125
SYN-MAD22/OpenCV_processed_task2_r30/138_03-vs-141_03.jpg,attack,314.32061767578125
SYN-MAD22/OpenCV_processed_task2_r30/138_03.jpg,bonafide,390.8662109375
SYN-MAD22/OpenCV_processed_task2_r30/138_08-vs-141_08.jpg,attack,276.33917236328125
SYN-MAD22/OpenCV_processed_task2_r30/138_08.jpg,bonafide,378.2728271484375
SYN-MAD22/OpenCV_processed_task2_r30/139_03-vs-144_03.jpg,attack,276.5908203125
SYN-MAD22/OpenCV_processed_task2_r30/139_03.jpg,bonafide,317.60980224609375
SYN-MAD22/OpenCV_processed_task2_r30/139_08-vs-144_08.jpg,attack,264.8353576660156
SYN-MAD22/OpenCV_processed_task2_r30/139_08.jpg,bonafide,363.6346130371094
SYN-MAD22/OpenCV_processed_task2_r30/140_03-vs-141_03.jpg,attack,347.83251953125
SYN-MAD22/OpenCV_processed_task2_r30/140_03-vs-173_03.jpg,attack,320.08184814453125
SYN-MAD22/OpenCV_processed_task2_r30/140_03.jpg,bonafide,465.86688232421875
SYN-MAD22/OpenCV_processed_task2_r30/140_08-vs-141_08.jpg,attack,360.21112060546875
SYN-MAD22/OpenCV_processed_task2_r30/140_08-vs-173_08.jpg,attack,347.8817138671875
SYN-MAD22/OpenCV_processed_task2_r30/140_08.jpg,bonafide,434.01092529296875
SYN-MAD22/OpenCV_processed_task2_r30/141_03-vs-143_03.jpg,attack,249.49227905273438
SYN-MAD22/OpenCV_processed_task2_r30/141_03.jpg,bonafide,379.498046875
SYN-MAD22/OpenCV_processed_task2_r30/141_08-vs-143_08.jpg,attack,283.99859619140625
SYN-MAD22/OpenCV_processed_task2_r30/141_08.jpg,bonafide,346.7237854003906
SYN-MAD22/OpenCV_processed_task2_r30/142_03.jpg,bonafide,356.3064270019531
SYN-MAD22/OpenCV_processed_task2_r30/142_08.jpg,bonafide,341.4573974609375
SYN-MAD22/OpenCV_processed_task2_r30/143_03.jpg,bonafide,331.98919677734375
SYN-MAD22/OpenCV_processed_task2_r30/143_08.jpg,bonafide,389.3399658203125
SYN-MAD22/OpenCV_processed_task2_r30/144_03.jpg,bonafide,309.76312255859375
SYN-MAD22/OpenCV_processed_task2_r30/144_08.jpg,bonafide,327.217041015625
SYN-MAD22/OpenCV_processed_task2_r30/172_03.jpg,bonafide,403.64105224609375
SYN-MAD22/OpenCV_processed_task2_r30/172_08.jpg,bonafide,412.025634765625
SYN-MAD22/OpenCV_processed_task2_r30/173_03.jpg,bonafide,419.4256591796875
SYN-MAD22/OpenCV_processed_task2_r30/173_08.jpg,bonafide,426.3948669433594
